Data,Types,,,,,,,,,,,,,,,,,,,,,,,,,,,,,,,,,,,,,,,,,,,,,,,,,,,,,,,,,,,,,,,,,,,,,,,,,,,,,,,,,,,,,,,,,,,,,,,,,,,
0:00,3.081175372,0.5,2.3,5.85,8.428571429,2.092857143,0.142857143,0.107142857,0.035714286,2.592857143,9.107142857,17.34285714,,,,,,,,,,,,,,,,,,,,,,,,,,,,,,,,,,,,,,,,,,,,,,,,,,,,,,,,,,,,,,,,,,,,,,,,,,,,,,,,,,,,,,,,
1:00,1.703632925,0.25390625,3.838107639,0.189236111,0.074652778,0.020833333,0.076822917,0.6328125,0.082465278,0.361111111,5.474826389,4.856770833,,,,,,,,,,,,,,,,,,,,,,,,,,,,,,,,,,,,,,,,,,,,,,,,,,,,,,,,,,,,,,,,,,,,,,,,,,,,,,,,,,,,,,,,
2:00,2.377270718,0.005291005,0.063492063,0.91005291,9.507936508,0.153439153,0.003527337,0.021164021,0.005291005,0.167548501,10.38271605,8.737213404,,,,,,,,,,,,,,,,,,,,,,,,,,,,,,,,,,,,,,,,,,,,,,,,,,,,,,,,,,,,,,,,,,,,,,,,,,,,,,,,,,,,,,,,
3:00,3.496747886,0.043624161,0.187919463,1.144295302,27.88255034,3.174496644,0.154362416,0.043624161,0.006711409,0.483221477,7.302013423,16.37248322,,,,,,,,,,,,,,,,,,,,,,,,,,,,,,,,,,,,,,,,,,,,,,,,,,,,,,,,,,,,,,,,,,,,,,,,,,,,,,,,,,,,,,,,
4:00,2.980813572,0.848484848,2.649350649,1.086580087,7.575757576,4.770562771,0.285714286,0.683982684,0.03030303,1.956709957,1.502164502,13.91774892,,,,,,,,,,,,,,,,,,,,,,,,,,,,,,,,,,,,,,,,,,,,,,,,,,,,,,,,,,,,,,,,,,,,,,,,,,,,,,,,,,,,,,,,
5:00,3.294101078,0,1.774774775,21.20720721,0.306306306,0.198198198,0.009009009,0,0,3.54954955,26.14414414,8.54954955,,,,,,,,,,,,,,,,,,,,,,,,,,,,,,,,,,,,,,,,,,,,,,,,,,,,,,,,,,,,,,,,,,,,,,,,,,,,,,,,,,,,,,,,
6:00,3.361690019,0,0.816326531,21.84693878,0.153061224,4.826530612,0.102040816,0,0,1.397959184,3.520408163,7.153061224,,,,,,,,,,,,,,,,,,,,,,,,,,,,,,,,,,,,,,,,,,,,,,,,,,,,,,,,,,,,,,,,,,,,,,,,,,,,,,,,,,,,,,,,
7:00,2.495948624,0.099737533,0.708661417,1.580052493,7.653543307,1.74015748,0.112860892,0.078740157,0.034120735,0.343832021,2.643044619,9.976377953,,,,,,,,,,,,,,,,,,,,,,,,,,,,,,,,,,,,,,,,,,,,,,,,,,,,,,,,,,,,,,,,,,,,,,,,,,,,,,,,,,,,,,,,
8:00,2.584751653,0.01285347,0.095115681,1.074550129,10.76606684,1.236503856,0.038560411,0.020565553,0.005141388,0.110539846,5.81748072,10.31619537,,,,,,,,,,,,,,,,,,,,,,,,,,,,,,,,,,,,,,,,,,,,,,,,,,,,,,,,,,,,,,,,,,,,,,,,,,,,,,,,,,,,,,,,
9:00,3.070082109,0,0.388888889,0.055555556,20.33333333,0.055555556,0,0,0,0.833333333,21.5,4.916666667,,,,,,,,,,,,,,,,,,,,,,,,,,,,,,,,,,,,,,,,,,,,,,,,,,,,,,,,,,,,,,,,,,,,,,,,,,,,,,,,,,,,,,,,
10:00,3.465545177,1.337349398,7.192771084,3.13253012,9.072289157,5.78313253,0.602409639,0.915662651,0.253012048,4.325301205,4.289156627,20.08433735,,,,,,,,,,,,,,,,,,,,,,,,,,,,,,,,,,,,,,,,,,,,,,,,,,,,,,,,,,,,,,,,,,,,,,,,,,,,,,,,,,,,,,,,
11:00,2.901794967,0.090047393,1.104265403,4.990521327,8.090047393,2.454976303,0.322274882,0.090047393,0.052132701,1.246445498,4.090047393,14.63507109,,,,,,,,,,,,,,,,,,,,,,,,,,,,,,,,,,,,,,,,,,,,,,,,,,,,,,,,,,,,,,,,,,,,,,,,,,,,,,,,,,,,,,,,
12:00,3.710887897,1,15.5,14,1.5,0,0,2.5,0,6.5,41,19.5,,,,,,,,,,,,,,,,,,,,,,,,,,,,,,,,,,,,,,,,,,,,,,,,,,,,,,,,,,,,,,,,,,,,,,,,,,,,,,,,,,,,,,,,
13:00,2.091419768,0.494402985,5.78358209,0.171641791,0.13619403,0.016791045,0.064365672,0.894589552,0.009328358,0.569029851,8.095149254,6.098880597,,,,,,,,,,,,,,,,,,,,,,,,,,,,,,,,,,,,,,,,,,,,,,,,,,,,,,,,,,,,,,,,,,,,,,,,,,,,,,,,,,,,,,,,
14:00,3.785290637,0.052631579,0.355263158,1.842105263,36.94736842,3.618421053,0.289473684,0.039473684,0.013157895,1,14.15789474,20.07894737,,,,,,,,,,,,,,,,,,,,,,,,,,,,,,,,,,,,,,,,,,,,,,,,,,,,,,,,,,,,,,,,,,,,,,,,,,,,,,,,,,,,,,,,
15:00,3.011819237,0,0.022653722,20.14886731,0.025889968,0.087378641,0,0.003236246,0,0.106796117,20.12621359,4.313915858,,,,,,,,,,,,,,,,,,,,,,,,,,,,,,,,,,,,,,,,,,,,,,,,,,,,,,,,,,,,,,,,,,,,,,,,,,,,,,,,,,,,,,,,
16:00,3.689280893,0,0.230769231,38.53846154,0.692307692,0,0,0,0,0.769230769,40.23076923,5.692307692,,,,,,,,,,,,,,,,,,,,,,,,,,,,,,,,,,,,,,,,,,,,,,,,,,,,,,,,,,,,,,,,,,,,,,,,,,,,,,,,,,,,,,,,
17:00,1.629518838,0.048664122,0.618320611,0.936068702,3.308206107,0.062977099,0,0.017175573,0,0.195610687,5.072519084,4.947519084,,,,,,,,,,,,,,,,,,,,,,,,,,,,,,,,,,,,,,,,,,,,,,,,,,,,,,,,,,,,,,,,,,,,,,,,,,,,,,,,,,,,,,,,
18:00,2.413887358,1.951501155,5.346420323,2.900692841,0.203233256,0.032332564,0.009237875,0.189376443,0,0.639722864,11.15242494,8.722863741,,,,,,,,,,,,,,,,,,,,,,,,,,,,,,,,,,,,,,,,,,,,,,,,,,,,,,,,,,,,,,,,,,,,,,,,,,,,,,,,,,,,,,,,
19:00,1.859628491,0.438709677,2.320737327,0.244239631,0.410138249,1.638709677,0.062672811,0.2359447,0.021198157,1.166820276,1.585253456,5.376958525,,,,,,,,,,,,,,,,,,,,,,,,,,,,,,,,,,,,,,,,,,,,,,,,,,,,,,,,,,,,,,,,,,,,,,,,,,,,,,,,,,,,,,,,
20:00,3.653068762,0.7,3.84,13.04,11.1,5.52,1.26,0.2,0.08,3.28,6.18,25.36,,,,,,,,,,,,,,,,,,,,,,,,,,,,,,,,,,,,,,,,,,,,,,,,,,,,,,,,,,,,,,,,,,,,,,,,,,,,,,,,,,,,,,,,
21:00,2.441349366,0.709471767,5.675774135,0.078324226,0.113843352,1.222222222,0.079234973,1.08287796,0.346083789,2.349726776,6.418032787,9.484517304,,,,,,,,,,,,,,,,,,,,,,,,,,,,,,,,,,,,,,,,,,,,,,,,,,,,,,,,,,,,,,,,,,,,,,,,,,,,,,,,,,,,,,,,
22:00,3.713274536,0,0,0.5,40.5,0,0,0,0,0,41,4.5,,,,,,,,,,,,,,,,,,,,,,,,,,,,,,,,,,,,,,,,,,,,,,,,,,,,,,,,,,,,,,,,,,,,,,,,,,,,,,,,,,,,,,,,
23:00,3.615858949,1.159090909,4.227272727,2.613636364,18.57575758,6.742424242,0.712121212,0.606060606,0.121212121,2.810606061,2.863636364,21.27272727,,,,,,,,,,,,,,,,,,,,,,,,,,,,,,,,,,,,,,,,,,,,,,,,,,,,,,,,,,,,,,,,,,,,,,,,,,,,,,,,,,,,,,,,
24:00:00,2.631615805,0.010135135,0.148648649,1.074324324,12.17905405,0.209459459,0.003378378,0.027027027,0.006756757,0.327702703,13.33445946,10.72635135,,,,,,,,,,,,,,,,,,,,,,,,,,,,,,,,,,,,,,,,,,,,,,,,,,,,,,,,,,,,,,,,,,,,,,,,,,,,,,,,,,,,,,,,
25:00:00,2.105817291,0.010344828,0.136781609,0.932183908,6.745977011,0.262068966,0.006896552,0.012643678,0.005747126,0.179310345,7.568965517,7.148275862,,,,,,,,,,,,,,,,,,,,,,,,,,,,,,,,,,,,,,,,,,,,,,,,,,,,,,,,,,,,,,,,,,,,,,,,,,,,,,,,,,,,,,,,
26:00:00,2.579435127,0.282894737,1.601973684,4.940789474,2.539473684,1.674342105,0.1875,0.138157895,0.023026316,1.976973684,5.177631579,11.33881579,,,,,,,,,,,,,,,,,,,,,,,,,,,,,,,,,,,,,,,,,,,,,,,,,,,,,,,,,,,,,,,,,,,,,,,,,,,,,,,,,,,,,,,,
27:00:00,3.027248804,0.011520737,0.186635945,1.343317972,16.89400922,1.850230415,0.094470046,0.032258065,0,0.329493088,6.17281106,13.77880184,,,,,,,,,,,,,,,,,,,,,,,,,,,,,,,,,,,,,,,,,,,,,,,,,,,,,,,,,,,,,,,,,,,,,,,,,,,,,,,,,,,,,,,,
28:00:00,3.824735296,0.005952381,0.19047619,1.30952381,39.13095238,4.541666667,0.279761905,0.017857143,0,0.410714286,7.392857143,18.26190476,,,,,,,,,,,,,,,,,,,,,,,,,,,,,,,,,,,,,,,,,,,,,,,,,,,,,,,,,,,,,,,,,,,,,,,,,,,,,,,,,,,,,,,,
29:00:00,2.982620118,1.666666667,7.55,0.370833333,0.708333333,3.495833333,0.3125,2.245833333,0.1375,3.625,4.375,12.3375,,,,,,,,,,,,,,,,,,,,,,,,,,,,,,,,,,,,,,,,,,,,,,,,,,,,,,,,,,,,,,,,,,,,,,,,,,,,,,,,,,,,,,,,
30:00:00,3.437921063,0.014814815,0.274074074,1.844444444,26.01481481,2.059259259,0.222222222,0.037037037,0,0.866666667,14.97777778,16.96296296,,,,,,,,,,,,,,,,,,,,,,,,,,,,,,,,,,,,,,,,,,,,,,,,,,,,,,,,,,,,,,,,,,,,,,,,,,,,,,,,,,,,,,,,
31:00:00,2.355042363,0.779601407,6.420867526,0.094958968,0.453692849,0.035169988,0.075029308,1.324736225,0.080890973,1.334114889,10.45955451,7.912075029,,,,,,,,,,,,,,,,,,,,,,,,,,,,,,,,,,,,,,,,,,,,,,,,,,,,,,,,,,,,,,,,,,,,,,,,,,,,,,,,,,,,,,,,
32:00:00,2.818252182,1.4,4.610526316,7.168421053,1.336842105,0.210526316,0.031578947,0.084210526,0,2.178947368,15.86315789,12.25263158,,,,,,,,,,,,,,,,,,,,,,,,,,,,,,,,,,,,,,,,,,,,,,,,,,,,,,,,,,,,,,,,,,,,,,,,,,,,,,,,,,,,,,,,
33:00:00,3.723097187,1.072916667,5.552083333,5.9375,19.70833333,4.9375,0.427083333,0.375,0.041666667,3.583333333,7.9375,26.26041667,,,,,,,,,,,,,,,,,,,,,,,,,,,,,,,,,,,,,,,,,,,,,,,,,,,,,,,,,,,,,,,,,,,,,,,,,,,,,,,,,,,,,,,,
34:00:00,3.285906531,0.857142857,8.74025974,2.25974026,8.363636364,2.558441558,1.025974026,0.324675325,0.012987013,3.402597403,9.012987013,15.74025974,,,,,,,,,,,,,,,,,,,,,,,,,,,,,,,,,,,,,,,,,,,,,,,,,,,,,,,,,,,,,,,,,,,,,,,,,,,,,,,,,,,,,,,,
35:00:00,2.902584639,0.608695652,3.380434783,3.043478261,8.336956522,0.22826087,0,0.510869565,0,2.380434783,17.32608696,14.35869565,,,,,,,,,,,,,,,,,,,,,,,,,,,,,,,,,,,,,,,,,,,,,,,,,,,,,,,,,,,,,,,,,,,,,,,,,,,,,,,,,,,,,,,,
36:00:00,3.532713729,0,1.555555556,0,29.66666667,0,0,0,0,3.111111111,34.33333333,7,,,,,,,,,,,,,,,,,,,,,,,,,,,,,,,,,,,,,,,,,,,,,,,,,,,,,,,,,,,,,,,,,,,,,,,,,,,,,,,,,,,,,,,,
37:00:00,2.597234421,0,0.259259259,12.11111111,0.345679012,0.197530864,0,0.024691358,0,0.740740741,12.83950617,7.839506173,,,,,,,,,,,,,,,,,,,,,,,,,,,,,,,,,,,,,,,,,,,,,,,,,,,,,,,,,,,,,,,,,,,,,,,,,,,,,,,,,,,,,,,,
38:00:00,3.502845371,0.727272727,5.727272727,3,17.36363636,0,0.272727273,0.909090909,0,5.545454545,33.54545455,20,,,,,,,,,,,,,,,,,,,,,,,,,,,,,,,,,,,,,,,,,,,,,,,,,,,,,,,,,,,,,,,,,,,,,,,,,,,,,,,,,,,,,,,,
39:00:00,2.071841375,0.580803938,3.300246103,0.115668581,0.076292043,1.047579984,0.015586546,0.452830189,0.283839212,2.18949959,5.032813782,7.054963084,,,,,,,,,,,,,,,,,,,,,,,,,,,,,,,,,,,,,,,,,,,,,,,,,,,,,,,,,,,,,,,,,,,,,,,,,,,,,,,,,,,,,,,,
40:00:00,2.929594218,0.017391304,0.2,1.27826087,16.08695652,0.234782609,0.026086957,0.052173913,0.008695652,0.947826087,17.84347826,13,,,,,,,,,,,,,,,,,,,,,,,,,,,,,,,,,,,,,,,,,,,,,,,,,,,,,,,,,,,,,,,,,,,,,,,,,,,,,,,,,,,,,,,,
41:00:00,0.942572235,0.103360812,0.407736208,1.322764743,0.374128091,0.13950539,0.009511731,0.05389981,0.016487001,0.273303741,2.428027901,2.523779328,,,,,,,,,,,,,,,,,,,,,,,,,,,,,,,,,,,,,,,,,,,,,,,,,,,,,,,,,,,,,,,,,,,,,,,,,,,,,,,,,,,,,,,,
42:00:00,3.038930674,0.625,8.352272727,0.352272727,0.352272727,6.704545455,2.125,0.136363636,0.090909091,2.568181818,1.647727273,9.545454545,,,,,,,,,,,,,,,,,,,,,,,,,,,,,,,,,,,,,,,,,,,,,,,,,,,,,,,,,,,,,,,,,,,,,,,,,,,,,,,,,,,,,,,,
43:00:00,3.750330727,0,0.333333333,38.22222222,0.555555556,1.944444444,0,0,0,1.666666667,20.88888889,8.111111111,,,,,,,,,,,,,,,,,,,,,,,,,,,,,,,,,,,,,,,,,,,,,,,,,,,,,,,,,,,,,,,,,,,,,,,,,,,,,,,,,,,,,,,,
44:00:00,3.758332899,0.058558559,0.725225225,2.27027027,33.6981982,5,0.256756757,0.076576577,0.018018018,0.914414414,4.040540541,19.7027027,,,,,,,,,,,,,,,,,,,,,,,,,,,,,,,,,,,,,,,,,,,,,,,,,,,,,,,,,,,,,,,,,,,,,,,,,,,,,,,,,,,,,,,,
45:00:00,3.602446697,1.4,6.55,4.1,1.95,12.05,2.4,0.45,0.15,8.15,2.9,14.2,,,,,,,,,,,,,,,,,,,,,,,,,,,,,,,,,,,,,,,,,,,,,,,,,,,,,,,,,,,,,,,,,,,,,,,,,,,,,,,,,,,,,,,,
46:00:00,3.513235432,0.35,2.85,18.55,5.25,0.6,0,0,0,6.25,29.85,16.6,,,,,,,,,,,,,,,,,,,,,,,,,,,,,,,,,,,,,,,,,,,,,,,,,,,,,,,,,,,,,,,,,,,,,,,,,,,,,,,,,,,,,,,,
47:00:00,1.8860771,0.154126214,1.560679612,4.144417476,0.223300971,0.08131068,0.008495146,0.014563107,0.002427184,0.451456311,6.483009709,6.031553398,,,,,,,,,,,,,,,,,,,,,,,,,,,,,,,,,,,,,,,,,,,,,,,,,,,,,,,,,,,,,,,,,,,,,,,,,,,,,,,,,,,,,,,,
48:00:00,3.204493283,0.611764706,3.564705882,10.6,3.235294118,3.447058824,1.176470588,0.070588235,0.011764706,2.364705882,4.2,17.24705882,,,,,,,,,,,,,,,,,,,,,,,,,,,,,,,,,,,,,,,,,,,,,,,,,,,,,,,,,,,,,,,,,,,,,,,,,,,,,,,,,,,,,,,,
49:00:00,3.688942866,0,1.363636364,31.95454545,0.590909091,3.045454545,0.318181818,0.090909091,0,2.818181818,5.363636364,13.59090909,,,,,,,,,,,,,,,,,,,,,,,,,,,,,,,,,,,,,,,,,,,,,,,,,,,,,,,,,,,,,,,,,,,,,,,,,,,,,,,,,,,,,,,,
50:00:00,3.625452819,0.032110092,0.183486239,1.211009174,32.20183486,3.293577982,0.220183486,0.036697248,0.004587156,0.444954128,9.623853211,17.14220183,,,,,,,,,,,,,,,,,,,,,,,,,,,,,,,,,,,,,,,,,,,,,,,,,,,,,,,,,,,,,,,,,,,,,,,,,,,,,,,,,,,,,,,,
51:00:00,1.643785672,1.651098901,2.155677656,0.069139194,0.027472527,0.07967033,0.033882784,0.847069597,0.042582418,0.36492674,5.066391941,4.371794872,,,,,,,,,,,,,,,,,,,,,,,,,,,,,,,,,,,,,,,,,,,,,,,,,,,,,,,,,,,,,,,,,,,,,,,,,,,,,,,,,,,,,,,,
52:00:00,3.292593873,0.327160494,1.611111111,6.080246914,13.14814815,3.432098765,0.469135802,0.098765432,0.037037037,1.938271605,4.660493827,19.22222222,,,,,,,,,,,,,,,,,,,,,,,,,,,,,,,,,,,,,,,,,,,,,,,,,,,,,,,,,,,,,,,,,,,,,,,,,,,,,,,,,,,,,,,,
53:00:00,3.32608156,0.03125,0.46875,0.9375,23.53125,0.40625,0.03125,0.625,0,2.0625,25.40625,15.625,,,,,,,,,,,,,,,,,,,,,,,,,,,,,,,,,,,,,,,,,,,,,,,,,,,,,,,,,,,,,,,,,,,,,,,,,,,,,,,,,,,,,,,,
54:00:00,3.059399561,0.983539095,2.580246914,1.444444444,11.24691358,2.724279835,0.316872428,0.407407407,0.061728395,1.711934156,5.456790123,15.95884774,,,,,,,,,,,,,,,,,,,,,,,,,,,,,,,,,,,,,,,,,,,,,,,,,,,,,,,,,,,,,,,,,,,,,,,,,,,,,,,,,,,,,,,,
55:00:00,3.339686562,0.460784314,1.730392157,3.166666667,18.25,2.784313725,0.12254902,0.151960784,0.034313725,1.691176471,9.225490196,19.2745098,,,,,,,,,,,,,,,,,,,,,,,,,,,,,,,,,,,,,,,,,,,,,,,,,,,,,,,,,,,,,,,,,,,,,,,,,,,,,,,,,,,,,,,,
56:00:00,1.524465357,0.026056338,0.757042254,3.469014085,0.107746479,0.088732394,0.008450704,0.007042254,0.003521127,0.176760563,4.442253521,4.304929577,,,,,,,,,,,,,,,,,,,,,,,,,,,,,,,,,,,,,,,,,,,,,,,,,,,,,,,,,,,,,,,,,,,,,,,,,,,,,,,,,,,,,,,,
57:00:00,3.758283826,0.382113821,2.382113821,4.008130081,27.32520325,5.910569106,0.512195122,0.211382114,0.024390244,2.260162602,2.804878049,23.56910569,,,,,,,,,,,,,,,,,,,,,,,,,,,,,,,,,,,,,,,,,,,,,,,,,,,,,,,,,,,,,,,,,,,,,,,,,,,,,,,,,,,,,,,,
58:00:00,3.528623597,0.111111111,0.777777778,3.536231884,24.23188406,3.893719807,0.236714976,0.111111111,0.028985507,1.285024155,6.806763285,19.47826087,,,,,,,,,,,,,,,,,,,,,,,,,,,,,,,,,,,,,,,,,,,,,,,,,,,,,,,,,,,,,,,,,,,,,,,,,,,,,,,,,,,,,,,,
59:00:00,2.161477653,0.21641791,1.123134328,1.513059701,3.845149254,1.335820896,0.087686567,0.097014925,0.03358209,0.580223881,3.111940299,7.895522388,,,,,,,,,,,,,,,,,,,,,,,,,,,,,,,,,,,,,,,,,,,,,,,,,,,,,,,,,,,,,,,,,,,,,,,,,,,,,,,,,,,,,,,,
60:00:00,3.238764682,0.173202614,1.078431373,2.12745098,17.72222222,3.287581699,0.169934641,0.075163399,0.055555556,0.967320261,2.761437908,16.53594771,,,,,,,,,,,,,,,,,,,,,,,,,,,,,,,,,,,,,,,,,,,,,,,,,,,,,,,,,,,,,,,,,,,,,,,,,,,,,,,,,,,,,,,,
61:00:00,2.262857383,0.12012987,1.194805195,6.288961039,0.711038961,0.133116883,0.025974026,0.019480519,0.006493506,1.25974026,9.165584416,8.253246753,,,,,,,,,,,,,,,,,,,,,,,,,,,,,,,,,,,,,,,,,,,,,,,,,,,,,,,,,,,,,,,,,,,,,,,,,,,,,,,,,,,,,,,,
62:00:00,2.265784524,3.266272189,3.264792899,0.276627219,0.109467456,0.093195266,0.023668639,1.476331361,0.013313609,1.229289941,9.380177515,6.171597633,,,,,,,,,,,,,,,,,,,,,,,,,,,,,,,,,,,,,,,,,,,,,,,,,,,,,,,,,,,,,,,,,,,,,,,,,,,,,,,,,,,,,,,,
63:00:00,3.591649821,0.076923077,0.461538462,1.230769231,29.15384615,0,0,2,0,3.615384615,36.53846154,18.30769231,,,,,,,,,,,,,,,,,,,,,,,,,,,,,,,,,,,,,,,,,,,,,,,,,,,,,,,,,,,,,,,,,,,,,,,,,,,,,,,,,,,,,,,,
64:00:00,2.888356174,1.106557377,6.450819672,5.368852459,1.237704918,1.581967213,0.295081967,0.270491803,0.024590164,1.983606557,8.442622951,13.90983607,,,,,,,,,,,,,,,,,,,,,,,,,,,,,,,,,,,,,,,,,,,,,,,,,,,,,,,,,,,,,,,,,,,,,,,,,,,,,,,,,,,,,,,,
65:00:00,2.371097062,1.351950355,4.495567376,0.04787234,0.124113475,1.892730496,0.058510638,1.679078014,0.029255319,1.146276596,3.720744681,7.460992908,,,,,,,,,,,,,,,,,,,,,,,,,,,,,,,,,,,,,,,,,,,,,,,,,,,,,,,,,,,,,,,,,,,,,,,,,,,,,,,,,,,,,,,,
66:00:00,2.448064245,0.580882353,3.772058824,0.409313725,0.355392157,3.524509804,0.480392157,0.284313725,0.056372549,2.291666667,1.370098039,7.867647059,,,,,,,,,,,,,,,,,,,,,,,,,,,,,,,,,,,,,,,,,,,,,,,,,,,,,,,,,,,,,,,,,,,,,,,,,,,,,,,,,,,,,,,,
67:00:00,2.672614769,0.08988764,0.494382022,2.917602996,8.895131086,1.284644195,0.052434457,0.052434457,0.007490637,0.801498127,8.419475655,12.38202247,,,,,,,,,,,,,,,,,,,,,,,,,,,,,,,,,,,,,,,,,,,,,,,,,,,,,,,,,,,,,,,,,,,,,,,,,,,,,,,,,,,,,,,,
68:00:00,3.295413405,0.016722408,0.123745819,1.247491639,23.04682274,2.183946488,0.107023411,0.016722408,0,0.344481605,9.692307692,15.4916388,,,,,,,,,,,,,,,,,,,,,,,,,,,,,,,,,,,,,,,,,,,,,,,,,,,,,,,,,,,,,,,,,,,,,,,,,,,,,,,,,,,,,,,,
69:00:00,2.961364519,0.174157303,0.882022472,2.314606742,13.21348315,1.578651685,0.106741573,0.06741573,0.011235955,1.191011236,10.53932584,14.98314607,,,,,,,,,,,,,,,,,,,,,,,,,,,,,,,,,,,,,,,,,,,,,,,,,,,,,,,,,,,,,,,,,,,,,,,,,,,,,,,,,,,,,,,,
70:00:00,3.447712595,0.222222222,1.833333333,12.22222222,11.22222222,2.111111111,0.166666667,0.111111111,0,4.166666667,18.72222222,20.83333333,,,,,,,,,,,,,,,,,,,,,,,,,,,,,,,,,,,,,,,,,,,,,,,,,,,,,,,,,,,,,,,,,,,,,,,,,,,,,,,,,,,,,,,,
71:00:00,3.263350512,1.063829787,3.276595745,1.588652482,11.21276596,5.716312057,0.482269504,0.680851064,0.021276596,2.397163121,1.531914894,16.81560284,,,,,,,,,,,,,,,,,,,,,,,,,,,,,,,,,,,,,,,,,,,,,,,,,,,,,,,,,,,,,,,,,,,,,,,,,,,,,,,,,,,,,,,,
72:00:00,3.050002845,0.025,0.7,17.125,1.6,0.25,0.175,0.15,0,1.425,19.425,12.375,,,,,,,,,,,,,,,,,,,,,,,,,,,,,,,,,,,,,,,,,,,,,,,,,,,,,,,,,,,,,,,,,,,,,,,,,,,,,,,,,,,,,,,,
73:00:00,2.250005925,0.131313131,1.101010101,5.207070707,0.532828283,1.606060606,0.272727273,0.035353535,0.045454545,0.795454545,2.73989899,7.939393939,,,,,,,,,,,,,,,,,,,,,,,,,,,,,,,,,,,,,,,,,,,,,,,,,,,,,,,,,,,,,,,,,,,,,,,,,,,,,,,,,,,,,,,,
74:00:00,3.264905181,0,0.078125,25.96875,0,0.03125,0,0,0,0.1875,26.171875,4.203125,,,,,,,,,,,,,,,,,,,,,,,,,,,,,,,,,,,,,,,,,,,,,,,,,,,,,,,,,,,,,,,,,,,,,,,,,,,,,,,,,,,,,,,,
75:00:00,3.556321418,0.620689655,4.965517241,16.86206897,1.689655172,5.172413793,0.724137931,0.034482759,0,5.586206897,5.482758621,17.93103448,,,,,,,,,,,,,,,,,,,,,,,,,,,,,,,,,,,,,,,,,,,,,,,,,,,,,,,,,,,,,,,,,,,,,,,,,,,,,,,,,,,,,,,,
76:00:00,2.439731601,0.454887218,2.736842105,1.703007519,4.714285714,0.063909774,0.018796992,0.082706767,0.007518797,1.823308271,11.33834586,9.87593985,,,,,,,,,,,,,,,,,,,,,,,,,,,,,,,,,,,,,,,,,,,,,,,,,,,,,,,,,,,,,,,,,,,,,,,,,,,,,,,,,,,,,,,,
77:00:00,3.657726368,2.8,13.91428571,8.542857143,2.857142857,4.742857143,0.914285714,1.285714286,0.142857143,4.2,7.685714286,19.42857143,,,,,,,,,,,,,,,,,,,,,,,,,,,,,,,,,,,,,,,,,,,,,,,,,,,,,,,,,,,,,,,,,,,,,,,,,,,,,,,,,,,,,,,,
78:00:00,3.256862859,0.006968641,0.25087108,1.156794425,21.55052265,2.595818815,0.139372822,0.020905923,0,0.37630662,5.864111498,14.52264808,,,,,,,,,,,,,,,,,,,,,,,,,,,,,,,,,,,,,,,,,,,,,,,,,,,,,,,,,,,,,,,,,,,,,,,,,,,,,,,,,,,,,,,,
79:00:00,3.069939264,0.002463054,0.064039409,1.197044335,18.59852217,1.458128079,0.049261084,0.012315271,0,0.246305419,10.50985222,13.62315271,,,,,,,,,,,,,,,,,,,,,,,,,,,,,,,,,,,,,,,,,,,,,,,,,,,,,,,,,,,,,,,,,,,,,,,,,,,,,,,,,,,,,,,,
80:00:00,2.577597332,1.019002375,5.301662708,0.258907363,0.783847981,2.133016627,0.156769596,1.513064133,0.080760095,2.111638955,1.864608076,9.774346793,,,,,,,,,,,,,,,,,,,,,,,,,,,,,,,,,,,,,,,,,,,,,,,,,,,,,,,,,,,,,,,,,,,,,,,,,,,,,,,,,,,,,,,,
81:00:00,2.697528141,0.743150685,2.876712329,1.068493151,6.106164384,1.989726027,0.232876712,0.438356164,0.071917808,1.578767123,5.280821918,12.36986301,,,,,,,,,,,,,,,,,,,,,,,,,,,,,,,,,,,,,,,,,,,,,,,,,,,,,,,,,,,,,,,,,,,,,,,,,,,,,,,,,,,,,,,,
82:00:00,2.807993599,0.002380952,0.028571429,1.080952381,14.20238095,1.2,0.021428571,0.004761905,0.002380952,0.092857143,8.157142857,11.63809524,,,,,,,,,,,,,,,,,,,,,,,,,,,,,,,,,,,,,,,,,,,,,,,,,,,,,,,,,,,,,,,,,,,,,,,,,,,,,,,,,,,,,,,,
83:00:00,2.790801643,1.749473684,7.903157895,0.122105263,0.168421053,0.764210526,0.075789474,2.536842105,0.054736842,3.061052632,12.28631579,10.95578947,,,,,,,,,,,,,,,,,,,,,,,,,,,,,,,,,,,,,,,,,,,,,,,,,,,,,,,,,,,,,,,,,,,,,,,,,,,,,,,,,,,,,,,,
84:00:00,3.533965096,1.533333333,10.03333333,4.333333333,10.36666667,2.8,0.533333333,0.4,0,4.733333333,14.03333333,23.06666667,,,,,,,,,,,,,,,,,,,,,,,,,,,,,,,,,,,,,,,,,,,,,,,,,,,,,,,,,,,,,,,,,,,,,,,,,,,,,,,,,,,,,,,,
85:00:00,3.542684785,0.203389831,4.677966102,21.3220339,0.338983051,4.762711864,3.288135593,0.050847458,0,0.525423729,5.423728814,17.79661017,,,,,,,,,,,,,,,,,,,,,,,,,,,,,,,,,,,,,,,,,,,,,,,,,,,,,,,,,,,,,,,,,,,,,,,,,,,,,,,,,,,,,,,,
86:00:00,2.893265686,0.117263844,0.762214984,1.856677524,12.2247557,2.302931596,0.114006515,0.068403909,0.061889251,0.713355049,2.64495114,13.31921824,,,,,,,,,,,,,,,,,,,,,,,,,,,,,,,,,,,,,,,,,,,,,,,,,,,,,,,,,,,,,,,,,,,,,,,,,,,,,,,,,,,,,,,,
87:00:00,3.064886986,1.728813559,12.74576271,0.779661017,2.152542373,0.305084746,0.355932203,0.881355932,0.06779661,2.728813559,20.30508475,12.52542373,,,,,,,,,,,,,,,,,,,,,,,,,,,,,,,,,,,,,,,,,,,,,,,,,,,,,,,,,,,,,,,,,,,,,,,,,,,,,,,,,,,,,,,,
88:00:00,3.472004312,2,23.75,4.5,0,0,0.75,0.25,0,1,32.25,10.5,,,,,,,,,,,,,,,,,,,,,,,,,,,,,,,,,,,,,,,,,,,,,,,,,,,,,,,,,,,,,,,,,,,,,,,,,,,,,,,,,,,,,,,,
89:00:00,3.550526215,0.16,2.28,27,1.16,0.24,0.4,0,0,3.84,33.32,11.56,,,,,,,,,,,,,,,,,,,,,,,,,,,,,,,,,,,,,,,,,,,,,,,,,,,,,,,,,,,,,,,,,,,,,,,,,,,,,,,,,,,,,,,,
90:00:00,1.303132412,0.128694351,2.778900112,0.069958848,0.03778526,0.010849233,0.033295922,0.380097269,0.051253273,0.231949121,3.696969697,3.354657688,,,,,,,,,,,,,,,,,,,,,,,,,,,,,,,,,,,,,,,,,,,,,,,,,,,,,,,,,,,,,,,,,,,,,,,,,,,,,,,,,,,,,,,,
91:00:00,3.24188928,1.708333333,14.27083333,0.6875,0.583333333,3.166666667,0.5625,1.9375,0.166666667,3.229166667,6.729166667,12.3125,,,,,,,,,,,,,,,,,,,,,,,,,,,,,,,,,,,,,,,,,,,,,,,,,,,,,,,,,,,,,,,,,,,,,,,,,,,,,,,,,,,,,,,,
92:00:00,2.988727252,0.606837607,4.094017094,4.188034188,3.35042735,4.051282051,0.188034188,0.324786325,0.256410256,3.145299145,2.709401709,14.67521368,,,,,,,,,,,,,,,,,,,,,,,,,,,,,,,,,,,,,,,,,,,,,,,,,,,,,,,,,,,,,,,,,,,,,,,,,,,,,,,,,,,,,,,,
93:00:00,2.929125094,0.071856287,1.97005988,11.73053892,0.766467066,2.473053892,1.203592814,0.041916168,0.011976048,0.904191617,4.80239521,11.69461078,,,,,,,,,,,,,,,,,,,,,,,,,,,,,,,,,,,,,,,,,,,,,,,,,,,,,,,,,,,,,,,,,,,,,,,,,,,,,,,,,,,,,,,,
94:00:00,2.057324563,1.017087667,3.634472511,0.915304606,0.489598811,0.029717682,0.026002972,0.722139673,0.035661218,0.988112927,7.79346211,6.946508172,,,,,,,,,,,,,,,,,,,,,,,,,,,,,,,,,,,,,,,,,,,,,,,,,,,,,,,,,,,,,,,,,,,,,,,,,,,,,,,,,,,,,,,,
95:00:00,3.56676272,0.183333333,1.058333333,7.908333333,19.81666667,4.533333333,0.616666667,0.083333333,0.008333333,1.508333333,4.983333333,21.44166667,,,,,,,,,,,,,,,,,,,,,,,,,,,,,,,,,,,,,,,,,,,,,,,,,,,,,,,,,,,,,,,,,,,,,,,,,,,,,,,,,,,,,,,,
96:00:00,3.681123635,0.692307692,18.53846154,1.153846154,1,11.61538462,5.153846154,0,0,1.923076923,1.538461538,12.15384615,,,,,,,,,,,,,,,,,,,,,,,,,,,,,,,,,,,,,,,,,,,,,,,,,,,,,,,,,,,,,,,,,,,,,,,,,,,,,,,,,,,,,,,,
97:00:00,3.506288381,0.108374384,1.157635468,1.669950739,25.43349754,3.896551724,0.147783251,0.054187192,0.039408867,0.9408867,1.955665025,17.92118227,,,,,,,,,,,,,,,,,,,,,,,,,,,,,,,,,,,,,,,,,,,,,,,,,,,,,,,,,,,,,,,,,,,,,,,,,,,,,,,,,,,,,,,,
98:00:00,3.737669618,0,0,0,40,2,0,0,0,0,29,5,,,,,,,,,,,,,,,,,,,,,,,,,,,,,,,,,,,,,,,,,,,,,,,,,,,,,,,,,,,,,,,,,,,,,,,,,,,,,,,,,,,,,,,,
99:00:00,3.748749345,0.245398773,1.282208589,4.582822086,29.85276074,4.257668712,0.214723926,0.159509202,0,2.006134969,9.288343558,22.76687117,,,,,,,,,,,,,,,,,,,,,,,,,,,,,,,,,,,,,,,,,,,,,,,,,,,,,,,,,,,,,,,,,,,,,,,,,,,,,,,,,,,,,,,,
Column,Types,1,2,3,4,5,6,7,8,9,10,11,12,13,14,15,16,17,18,19,20,21,22,23,24,25,26,27,28,29,30,31,32,33,34,35,36,37,38,39,40,41,42,43,44,45,46,47,48,49,50,51,52,53,54,55,56,57,58,59,60,61,62,63,64,65,66,67,68,69,70,71,72,73,74,75,76,77,78,79,80,81,82,83,84,85,86,87,88,89,90,91,92,93,94,95,96,97,98,99
0:00,0,2.67E-04,1.12E-04,3.05E-05,2.42E-05,2.42E-05,8.80E-06,1.15E-04,3.41E-05,0,2.15E-05,2.42E-05,0,1.07E-04,1.94E-05,0,0,6.90E-04,1.22E-05,4.20E-04,0,1.66E-04,0,2.42E-05,7.33E-05,5.26E-04,1.25E-05,7.29E-05,0,2.68E-05,1.76E-05,3.69E-05,0,0,0,1.08E-05,0,0,0,4.10E-04,6.05E-06,0.990902447,0,0,1.49E-05,2.42E-05,0,2.14E-04,1.38E-05,0,0,5.33E-04,3.32E-05,0,1.49E-05,2.80E-05,3.20E-04,0,0,1.94E-04,4.36E-05,2.77E-05,1.21E-04,1.94E-05,2.45E-05,1.32E-04,1.92E-05,4.18E-05,5.73E-05,2.23E-05,0,1.94E-05,0,1.93E-05,0,0,1.50E-05,2.69E-06,0,8.91E-05,1.76E-05,6.99E-05,7.57E-05,1.80E-04,1.50E-06,0,4.89E-05,0,0,0,0.003172885,8.07E-06,2.87E-05,0,1.18E-04,0,0,2.56E-05,0,1.29E-05
1:00,0,0,9.63E-04,0,0,0,0,0,0,0,0,0,0,0,0,0,0,0,0,0,0,0.003371869,0,0,0,0,0,0,0,0.001445087,0,0.001445087,0,0,0,0,0,0,0,0.001926782,0,0.001926782,0,0,0,0,0,0,0,0,0,4.82E-04,0,0,0,0,0,0,0,0,0,0,0,0,0,0.001926782,0.001445087,0,0,0,0,0.001445087,0,0,0,0,0,0,0,0,0.979768786,0,0,0,0,0,0,0,0,0,0.002408478,0,0.001445087,0,0,0,0,0,0,0
2:00,6.65E-04,3.32E-04,0.002763002,0,0,0,0,1.33E-04,0.001233747,0,0,4.43E-04,0,0,0,0,0,0.964335382,3.32E-04,5.70E-04,0,0,0,0,2.96E-04,0.007943674,0,2.22E-04,0,6.65E-04,0,0,0,0,0,0,0,0,0,6.65E-04,0,0.009020316,0,0,0,0,0,8.13E-04,0,0,0,6.65E-04,0,0,0,0,0.001226388,0,3.80E-04,0.001519757,4.43E-04,2.22E-05,0,0,5.91E-05,0,0,0,3.52E-04,0,0,6.65E-04,0,2.22E-04,0,0,0,0,0,6.65E-04,0,1.56E-04,0.001108156,0,0,7.12E-04,6.65E-04,0,0,0,0,0,0,4.16E-05,6.65E-04,0,0,0,0,0
3:00,0,0,0,0,0,0,0,0,0,0,0,0,0,0,0,0,0,7.77E-04,0,0.00143864,0,6.22E-04,0,0,0,0,0,0,0,0,0,0,0,0,0,0,0,0,0,0,0,9.85E-04,0,0,0,0,0,1.55E-04,0,0,0,0,0,0,0,0,1.55E-04,0,0,0,0,0,0,0,0,0.995866501,0,0,0,0,0,0,0,0,0,0,0,0,0,0,0,0,0,0,0,0,0,0,0,0,0,0,0,0,0,0,0,0,0,0
4:00,0,0.001207729,0,0,0,0,0,0,0,0,0,0,0,0,0,0,0,0,0,0,0,0.001207729,0,0,0,0,0,0,0,0,0,0,0,0,0,0,0,0,0,0.001207729,0,0.002415459,0,0,0,0,0,0,0,0,0,0,0,0,0,0,0,0,0,0,0,0,0.990338164,0,0,0,0,0,0,0,0,0,0,0,0,0,0,0,0,0,0,0,0,0,0,0,0,0,0,0,0,0,0,0,0.003623188,0,0,0,0,0
5:00,0,0,8.20E-04,0,0,0,0,0,0,0,0,0,0,0,0,0,0,0,0,0,0,0.995163934,0,0,0,3.28E-04,0,0,0,0,0,0,0,0,0,0,0,0,0,0.001229508,0,9.84E-04,0,0,0,0,0,0,0,0,0,0,0,0,0,0,0,0,0,0,0,0,8.20E-04,0,0,0,0,0,0,0,0,0,0,0,0,0,0,0,0,0,0,0,0,0,0,0,0,0,0,0,0,0,0,0,6.56E-04,0,0,0,0,0
6:00,0,0,0,0,0,0.020833333,0.041666667,0,0,0,0,0,0,0,0,0.013888889,0.020833333,0.006944444,0,0,0,0,0,0,0,0,0,0,0,0,0,0,0,0,0,0,0,0,0,0,0,0.006944444,0,0,0,0,0,0,0,0,0,0,0,0,0,0,0,0,0,0,0,0,0,0,0,0,0,0,0,0,0,0,0,0,0.888888889,0,0,0,0,0,0,0,0,0,0,0,0,0,0,0,0,0,0,0,0,0,0,0,0,0
7:00,0,3.63E-04,0.001634806,8.30E-04,0,0.001089325,0,8.17E-04,0.001633987,0,0,8.17E-04,0,0,0,0.001089325,0,0.011127492,0,5.45E-04,0,0,0,0,0.001361656,0.003656658,0.002061936,8.17E-04,0.001089325,0,8.17E-04,0,0,0,0,0,0,3.27E-04,0,0,0,0.018428384,0,0,0,0,0.001089325,0.008166463,0,0,0,0,0,0,0,0,0.929054749,0,0,3.09E-04,0,0.003278176,0,0,0,0,0,0,3.63E-04,4.08E-04,0.001089325,0,0,0.001534132,0,0,0,0,0,0,0,0,0,0,0,0,2.33E-04,0,0,8.17E-04,0.002428457,0,0,0.001089325,5.45E-04,0,0,0,0,0.001089325
8:00,0,0,0.005195185,4.23E-04,0,0,0,5.44E-04,0.002386995,0,0,4.94E-04,0,0,0,0,0,0.005033972,2.31E-04,4.23E-04,0,0,0,0,0.003672123,0.959370663,0,0.001480541,0,0,3.17E-04,0,0,2.54E-04,6.35E-04,0,0,0,0,0,0,0.006481052,0,0,3.17E-04,0,0,0,0,0,2.54E-04,0,0,0,8.16E-04,4.23E-04,0.00107868,7.05E-05,5.08E-04,0,2.12E-04,6.35E-04,0,0,0,0,0,5.08E-04,0,9.97E-04,0,0,0,0,0,0,0,0,5.44E-04,0.002710475,0,5.08E-04,0.001692047,8.46E-04,0,0,4.34E-04,0,0,0,0,0,0,0,0,5.08E-04,0,0,0,0
9:00,0,0.040713024,0.002154573,0.001529052,0,0,0,0.001911315,4.59E-04,0,1.67E-04,0,0,0.0041922,2.29E-04,0,0,0.001971087,0,0.004587636,3.06E-04,0,0,0,0.002477064,0.003595608,0,0.001865443,0,0.002415902,0,0.003476045,0,9.17E-04,0,0,0,0,0,8.74E-04,0,0.028840325,0.001834862,0,1.02E-04,0,0,0.005286151,0,0,0.002140673,0.193701039,4.59E-04,0,0.001070336,0,0.004243539,0,0,0.001485365,0,6.26E-04,5.25E-04,0,0,0.00351682,0.001834862,9.17E-04,0.001376147,0,0,0,6.12E-04,0.002293578,0,0,6.12E-04,0,0,2.29E-04,0.002752294,0.002370031,0,0.00733945,0,3.06E-04,0,0,0,9.17E-04,0.657232963,0,0,0,0.002618644,0,0,9.17E-04,0,0
10:00,0.003252033,0,0,0,0,0,0,0,0,0,0,0.003484321,0,0,0,0,0,0,0,0,0,0,0,0,0,0,0,0,0,0,0,0,0,0,0,0,0,0,0,0,0,0.013066202,0,0,0,0,0,0.020325203,0.012195122,0,0,0,5.81E-04,0,8.71E-04,0,0,0,0,0,0,0.018292683,0,0,0.912792434,0,0,0.014269122,0,0,0,0,0,0,0,0,0,0,0,0,0,0,0,0,0,0,0,0,0,0,0,0,0,0,0,0,0,0,0,8.71E-04
11:00,0,0,0.011666667,0,0,0,0,0,0,0,0,0,0,0,0,0,0,0,0,0,0,0,0,0,0.002380952,0.004166667,0,0,0,0,0,0,0,0,0,0,0,0,0,0,0,0.004861111,0,0,0,0,0,0.002083333,0,0,0,0,0,0,0,0,0,0,0,0,0,0,0,0,0,0,0,0,0,0,0,0,0,0,0,0,0.956785714,0,0.005555556,0,0,0.008333333,0,0,0,0,0,0,0,0,0,0,0,0,0.004166667,0,0,0,0,0
12:00,4.30E-04,0.001145475,0.010889087,0,0.00257732,0,0,0.003092784,0.004393158,0,0,0.006013746,0,0,0,0,0,0.005691581,0,0.001718213,0,0,0,0,0.00137457,0.002789264,0,7.16E-05,0,0,0,0,0,0,0,0,0,0,0,0,0,0.0152023,0,0,2.86E-04,0,0,0.00790378,0,0,0,5.73E-04,0.001718213,0,0,0,0.003407789,0,0.00128866,0.900141285,4.30E-04,0.005670103,0,0,0,0,0,5.73E-04,8.59E-04,5.73E-05,0,0,0,0.00376809,0,0,0,0,0,0.001586043,0,0.006701031,0.002689822,0,0,0,0,0,0,0,0.003092784,0,0,0,0.00128866,0.00257732,0,0,0,0
13:00,0,4.11E-04,0,0,0,0,0,0,0,0,0,0,0,0,0,0,0,0,0,8.62E-04,0,0,0,0,0,0,0,0,0,0,0,0,0,0,0,0,0,0,0,0,0,0.016858238,0,0,0,0.005747126,0,0,0,0,0,0.00677796,0,0,0,0,0,0,0,0,0,0,0,0,0,0.010536398,0.944923372,0,0,0,0,0,0,0,0,0,0,0,0,0,0.00862069,0,0,0,0,0,0,0,0,0,0.005263638,0,0,0,0,0,0,0,0,0
14:00,0,0,0.067061222,0,0,0,0,0.003164557,0.010038678,0,0,0,0,0,0.003164557,0,0,0.008689974,0,0,0,0,0,0,0.807038962,0.018915763,0,0.005300633,0.003322785,0,2.53E-04,0.002637131,0,0,0,0.003164557,0,0,0,0,0.004746835,0.009124473,8.44E-04,0,0,0,0,0,0,0,0.001265823,0,0.003164557,0,0,0,0.004598654,0,0.006329114,0,0,0,0,0,0,0,0.001054852,0,0.007233273,7.03E-04,0,0,0.003164557,0.003164557,0,0,0,0,7.45E-04,0.00452833,0,0,0.012977195,0,0,0,7.03E-04,0,0,0,0,0,0,0,0.002109705,7.91E-04,0,0,0,0
15:00,0,0.00391791,0,0,0,0,0,0,0,0,0,0,0,9.33E-04,0,0,0,0.001554726,0,0,0,0,0,0,0,0.002798507,0,0,0,0,0,7.46E-04,0,0,0,0,0,0,0,0,0,0.001857191,0,0,0,0,0,6.22E-04,0,0,0,4.15E-04,0,0,0,0,0,0,0,9.33E-04,0,0,0.003016169,0,0,0,0,0,0,0,0,0,0,0,0,0,0,0,0,0,0,0,0,0,0,0,0,0,0,0,3.73E-04,0,0,0,0.982833936,0,0,0,0,0
16:00,0,0.977201837,0,0,0,0,0,0,0,0,0,0,0,0.003516238,0,0,0,0,0,0,0,0,0,0,0,0,0,0,0,0,0,0.001162019,0,0,0,0,0,0,0,6.64E-04,0,0.003355625,0,0,0,0,0,9.96E-04,0,0,0,0.006479252,0,0,0,0,0,0,0,0,0,0,0,0,0,0,0,0,0,0,0,0,0,0,0,0,0,0,0,0,0,0,0,0,0,0,0,0,0,0,0.005994193,0,0,0,6.31E-04,0,0,0,0,0
17:00,2.52E-04,0.020922724,0.001004241,0,0,0,0,1.33E-04,6.50E-04,0,4.40E-04,1.32E-05,0,0.002972504,0,0,0,0.004292088,4.72E-04,0.002779367,0,0.003312344,0,0,0.001007899,0.001826751,8.80E-04,0,0,6.35E-04,0,0.004840314,2.20E-04,0,1.26E-04,3.04E-05,0,4.40E-04,0,0.005968564,0,0.432863153,0,0,0,0,0,4.41E-04,0,0,0,0.425028816,6.29E-05,0,7.28E-06,6.19E-04,0.00194061,4.64E-04,0,4.07E-04,6.60E-04,0,0.006308446,0,5.48E-04,0.002369524,6.08E-04,4.28E-04,0,4.89E-04,0,0,0,0,0,0,0,0,8.15E-06,2.93E-04,0.002301186,9.25E-04,3.81E-04,0.004823827,0,0,0,9.29E-05,0,0,0.062218985,0,0,0,0.002493877,0,0,0,0,0
18:00,0,0.031325955,0.001395089,0,0,0,0,0,0,0,0,0,0,0.425688462,0,0,0,0.01078311,0,0.002083333,0,0,0,0,0,0.001927083,0,0,0,0,0,0.005208333,0,0,0,0,0,0.00390625,0,0,0,0.443482682,0,0,0,0,0,0.005208333,0,0,0,0.006061198,0,0,0,0,0,0,0,0.004043311,0,0,0.002604167,0,0.00390625,0.005208333,0,0,6.25E-04,0,0,0,0,0,0,0,0,0,0.001420455,0,0,0,0,6.51E-04,0,0,0,0,0,0,0.037765883,6.51E-04,0,0.001953125,0.00390625,1.95E-04,0,0,0,0
19:00,0,0,0,0,0,0,0,0,0,0,0,0,0,0,0,0,0,0,0,0,0,0.0025,0,0,0,0,0,0,0,0.972083333,0,0,0,0,0,0,0,0,0,0,0,0.002083333,0,0,0,0,0,0,0,0,0,0,0,0,0,0,0,0,0,0,0,0,0,0,0,0,0,0,0,0,0,0,0,0,0,0,0,0,0,0,0.006666667,0,0,0,0,0,0,0,0,0,0.003333333,0.01,0.003333333,0,0,0,0,0,0,0
20:00,0,0,8.20E-04,0,0,0,0,3.74E-04,4.47E-05,0,0,4.57E-04,0,0,0,0,0,0.001295731,7.49E-04,0.972030076,0,4.99E-04,0,0,0,0.001462293,0,0,0,0,0,0,0,0,3.74E-04,0,0,0,0,0.002721515,3.33E-04,0.004194421,4.10E-04,0,2.50E-04,0,0,0,0,0,0,8.55E-04,0,0,0,5.99E-04,4.75E-05,0,0,6.91E-04,3.74E-04,0,0,0,0,0.002685106,0.004739249,5.51E-04,0,0,0,0,0,0,0,0,0,0,4.99E-04,0,0,0,0,0,0,0,0,0,0,0,0.001864284,0,0,0,3.33E-04,0,7.49E-04,0,0,0
21:00,0,0,0.006535948,0.006535948,0,0,0,0,0,0,0,0,0,0,0,0,0,0.003267974,0,0,0,0,0,0,0.00245098,0,0,0.025326797,0.908496732,0,0,0,0,0,0,0,0,0,0,0,0,0,0,0,0,0,0,0,0,0,0.009803922,0,0.019607843,0,0,0,0.003267974,0,0,0,0,0,0,0,0,0,0,0.004901961,0,0,0,0,0,0,0,0,0,0,0,0.004901961,0,0,0.00245098,0,0,0,0.00245098,0,0,0,0,0,0,0,0,0,0,0,0,0
22:00,0,0,0,0.947958839,0,0,0,0,0.003795547,0,0,0,0,0,0.003289474,0,0,0,0,0,0,0,0,0,0,0.004934211,0,0,0.003289474,0,0,0,0,0,0,0,0,0,0,0,0,0.007675439,0,0,0,0,0,0,0,0,0.006578947,0,0,0,0,0,0,0,0,0,0.006578947,0,0,0,0,0,0,0,0,8.22E-04,0,0,0,0,0,0,0,0,0,0.007675439,0,0,8.22E-04,0,0,0,0,0,0,0,0,0,0,0,0,0,0,0,0,0.006578947
23:00,0,0.002246589,0,0,0,0,0,0,0,0,0,0,0,0.005321637,0,0,0,0,0.003859649,7.41E-04,0,0.007894737,0,0,0,0,0,0,0,0,0,0.927266082,0,0,0,0,0,0,0,0,0,0.003654971,0,0,0,0,0,1.75E-04,0,0,0,0.007231297,0,0,0,0,0,0,0,0,0,0,0.005628655,0,0,0.001754386,0,0,0,0,0,0,0,0.001754386,0,0,0,0,0,0,0.007894737,0,0,0.01871345,0,0,0,0,0,0,0.004065,0,0,0,0.001798246,0,0,0,0,0
24:00:00,0,0,0,0,0,0,0,0,0,0,0,0,0,0,0,0,0,0,0,0,0,0,0,0,0,0,0,0,0,0,0,0,0,0,0,0,0,0,0,0,0,0,0,0,0,0,0,0,0,0,0,0,0,0,0,0,0,0,0,0,0,0,0,0,0,0,0,0,0,0,0,0,0,0,0,1,0,0,0,0,0,0,0,0,0,0,0,0,0,0,0,0,0,0,0,0,0,0,0,0
25:00:00,0,0,0,0,0,0,0,0,0,0,0,0,0,0,0,0,0,0,0,0,0,0,0,0,0,0,1,0,0,0,0,0,0,0,0,0,0,0,0,0,0,0,0,0,0,0,0,0,0,0,0,0,0,0,0,0,0,0,0,0,0,0,0,0,0,0,0,0,0,0,0,0,0,0,0,0,0,0,0,0,0,0,0,0,0,0,0,0,0,0,0,0,0,0,0,0,0,0,0,0
26:00:00,0,0,0,0,0,0,0,0,0,0,0.007936508,0,0,0,0,0,0,0,0,0,0,0,0,0.952380952,0,0,0,0,0,0,0,0,0,0.011904762,0,0,0,0,0,0,0,0,0,0,0,0,0,0,0,0,0,0,0,0,0.003968254,0,0,0.011904762,0,0,0,0,0,0,0,0,0,0,0,0,0,0,0,0,0,0,0,0,0,0,0,0.011904762,0,0,0,0,0,0,0,0,0,0,0,0,0,0,0,0,0,0
27:00:00,0,0,0,0,0,0,0,0,0,0,0,0,0,0,0,1,0,0,0,0,0,0,0,0,0,0,0,0,0,0,0,0,0,0,0,0,0,0,0,0,0,0,0,0,0,0,0,0,0,0,0,0,0,0,0,0,0,0,0,0,0,0,0,0,0,0,0,0,0,0,0,0,0,0,0,0,0,0,0,0,0,0,0,0,0,0,0,0,0,0,0,0,0,0,0,0,0,0,0,0
28:00:00,0,0,0,0,0,0,0,0,0,0,0,0,0,0,0,0,0,0,0,0,0,0,0,0,0,0.00625,0,0,0,0,0,0,0,0,0,0,0,0,0,0,0,0,0,0,0,0,0,0.00625,0,0,0,0,0,0,0,0,0,0,0,0,0,0,0,0,0,0,0,0,0,0,0,0,0,0.0125,0,0,0,0,0,0,0,0,0,0,0,0,0,0,0,0,0,0,0.966666667,0,0,0,0,0,0,0.008333333
29:00:00,0,7.91E-04,0,0,0,0,0,0,0,0,0,0,0,0,0,0,0,0,0,0.001689997,0,0.002990033,0,0,0,6.64E-04,8.31E-04,0,0,0,0,0,0,0,0,0,0,0,0,0.986611564,0,0.004540421,0,0,0,0,0,0,0,0,0,4.45E-04,0,0,0,0,0,0,0,0,0,0,0,0,0,0,0,0,0,0,0,0,0,0,0,0,0,0,0,0,0,0,0,8.31E-04,0,0,0,0,0,0,6.06E-04,0,0,0,0,0,0,0,0,0
30:00:00,0,0,0,0,0,0,0,0,0,0,0.008522727,0,0,0,0.011363636,0,0,0,0,0,0,0,0,0,0,0,0,0,0,0,0,0,0,0,0,0,0,0,0,0,0,0.007575758,0,0,0,0,0,0,0,0,0,0,0,0,0,0,0,0.949810606,0,0,0.005681818,0,0,0,0,0,0,0,0,0,0,0,0,0.011363636,0,0,0,0,0,0,0,0,0,0,0,0,0,0,0,0,0,0,0,0,0,0,0,0.005681818,0,0
31:00:00,0,0,9.77E-04,0,0,0,0,0,0,0,0,0,0,0.001953125,0,0,0,0,0.947108609,0.002604167,4.60E-04,0,0,0,0,9.77E-04,0,4.60E-04,0,0,0,0.002604167,0.006510417,0,4.60E-04,0,0,0,0,0,0,0.009356574,0,0,0,0,0,0.003255208,4.60E-04,0,0,4.60E-04,0,0,0,0,0.002604167,0,0,0,0,0,0.008685662,0,0,0,0,0,0,9.77E-04,0,0,0,0.00390625,0,0,0,6.51E-04,0,0,0,0,0.002929688,0,0,0,0,0,0,0,3.44E-04,0,0,0,0.002259498,0,0,0,0,0
32:00:00,0.004010964,0.00981281,0.038053,0.010681335,0.003022225,0.002274675,0.00266616,0.009138613,0.020233024,0.001212824,0.021265375,0.008294562,0.001474926,0.005687791,0.003002484,0.001030947,0.001479165,0.029680064,0.008969778,0.007253279,0.017028486,0.002273723,0.002949853,0.002663963,0.022676573,0.043012808,0.002522756,0.028627573,0.006656908,0.002737696,0.005817953,0.006773743,0.002036362,0.001613158,0.001876789,0.029280607,0.0031165,0.038113465,0.00339869,0.001000601,0.003407778,0.048030109,0.02005812,0.007540761,0.006892838,0.013458702,0.013649932,0.01770941,0.034474412,0.00828502,0.008965055,0.011738391,0.003821548,0.010963642,0.00421749,0.004489979,0.02231376,0.003644073,0.008345852,0.014530037,0.010774888,0.006434325,0.003235907,0.005037914,0.002802387,0.002320906,0.002158431,0.00996808,0.009305102,0.008354085,0.005202062,0.002834562,0.022670716,0.007559469,0.001143673,5.85E-04,0.006198818,0.010599594,0.012111232,0.011419552,0.004118293,0.004203852,0.024151868,0.002356896,9.36E-04,0.025333614,0.008676831,0.037361533,0.004461652,0.010690598,0.020079714,0,0.001932143,0.003819626,0.007853649,0.003240221,0.007017073,0.006354955,0.001474926,0.005260484
33:00:00,0,0,0,0,0,0,0,0,0.001785714,0,0,0,0,0,0,0,0,0,0,0,0,0,0,0,0,0.002421308,0,0,0,0,0.001785714,0,0,0,0,0,0,0,0,0,0,0,0,0,0,0,0,0,0,0,0.002040816,0,0,0,0,0,0,0,0,0,0,0,0,0,0,0,0,0,0,0,0,0,0,0,0,0,0,0,0,0.986751028,0,0,0.00521542,0,0,0,0,0,0,0,0,0,0,0,0,0,0,0,0,0
34:00:00,0,0,0.03014553,0.006756757,0.006756757,0,0,0,0,0,0,0,0,0,0,0,0,0.002252252,0.006756757,0.004054054,0,0,0,0,0.004504505,0.002252252,0,0,0,0,0,0,0,0,0,0,0,0,0,0,0,0.01015246,0,0,0.006756757,0,0,0,0,0,0,0,0.006756757,0,0.006756757,0,0.010135135,0,0,0.016891892,0,0,0,0,0,0,0,0,0,0,0,0,0,0,0,0,0,0,0,0.004504505,0,0,0,0,0,0,0.867810118,0,0,0,0,0,0,0.006756757,0,0,0,0,0,0
35:00:00,0,0,0,0,0,0,0,0,0,0,0,0.00862069,0,0,0,0,0,0,0,0,0.00862069,0,0,0.00862069,0,0,0,0,0,0,0,0,0,0,0,0,0,0,0,0,0,0,0.00862069,0,0,0,0,0,0,0,0,0,0,0,0.920258621,0.00862069,0,0,0,0,0,0,0,0,0,0,0,0.005747126,0,0,0,0.00862069,0,0,0,0,0,0,0.00862069,0,0,0.010775862,0,0,0,0,0,0,0,0,0.002873563,0,0,0,0,0,0,0,0,0
36:00:00,0,0.003255208,0.00483631,0,0,0,0,0.001953125,0,0,0,0,0,0,0,0,0,0.002604167,9.77E-04,0,0,0,0,0,0.001953125,0.003255208,0,0,0,0,0,0,0,0,0,0.00390625,0,0,0,0,0,0.014139385,0,0,0,0,0,0.925241872,0,0,0,9.77E-04,0,0,0,0.00390625,0.004557292,0.00390625,6.51E-04,0,0,0.002722538,0,0,0,0,0,0,0,0,0,0,0,0.00390625,0,0,0.00390625,0,0.002929688,0,0,0,6.51E-04,0.001953125,0,0,0,0,0,0,0,0,0,0.00390625,0.001953125,0.001953125,0,0,0,0
37:00:00,0.010869565,0,0.003623188,0,0,0,0,0,0.005434783,0,0,0,0,0,0,0,0,0,0,0,0,0,0,0,0,0,0,0.010869565,0.010869565,0,0.005434783,0,0,0,0,0,0,0,0,0,0,0,0,0,0.893115942,0,0,0,0,0,0,0,0,0,0,0,0.003623188,0,0.005434783,0.003623188,0.010869565,0,0,0,0,0,0,0,0,0,0,0,0,0,0,0,0,0,0.010869565,0.007246377,0,0,0,0,0,0,0,0,0,0,0,0,0,0.018115942,0,0,0,0,0,0
38:00:00,7.18E-04,0.002873563,0.018118184,0,0.005541872,0,0,0.839112934,8.06E-04,0,0,0.004310345,0,0,0,0,0,0.00379751,0,0.005675287,0,0,0,0.002873563,0.001436782,0.007866077,0,0,0,0,0.001436782,0,0,0,0,0,0,0,0,0,1.12E-04,0.011554622,0,0,0,0,0,0.004310345,0,0,1.12E-04,0.004434431,0,0.004310345,0,0,0.002155172,0,0,0.018472906,0.006465517,0.004310345,0,0,0,0,0,0.004310345,3.58E-04,1.88E-04,0,0,0,0.004310345,0,0,0,0,0,1.12E-04,0,0,0.005178896,0,0,0,0.014162562,0,0,0,0.012672829,0.004310345,0,0,0,0.002155172,0,0.001436782,0,0
39:00:00,0,0.095628499,0.003521127,0,0,0,0,0.003521127,0,0,0,0.002347418,0,0.456350154,0,0,0,0.001350739,0.005109086,0.004548122,0,0.007042254,0,0.001408451,0,0.002758216,0,0,0,0.007042254,0,0.060609553,0,0,0,0.002200704,0,0,0,0,0,0.018276682,0,0,0,0,0,0.0032277,0,0,0,0.054899577,9.10E-04,0,0.001173709,0,0.006308685,0,4.40E-04,0.001760563,0,5.87E-04,0.070919104,0,0,0.012233658,0.008215962,0,0,0,0,0,0,0,0,0,0.004729357,0,0,0,0.018779343,0,0,8.80E-04,0,0,0,0.007583965,0,0,0.063549789,0.001799687,0,0,0.065005924,0,0,0.001760563,0,0.003521127
40:00:00,0,0,0,0,0,0,0.953125,0,0,0,0,0,0,0,0,0,0,0,0,0,0,0,0,0,0,0,0,0,0,0,0,0,0,0,0,0,0,0,0,0,0,0,0,0.015625,0,0,0,0,0,0,0,0,0,0,0,0,0,0,0,0,0,0,0,0,0,0,0,0,0,0,0,0,0,0,0,0,0,0,0,0,0,0,0,0,0,0,0,0,0,0.03125,0,0,0,0,0,0,0,0,0,0
41:00:00,0.003968254,0,0.00297619,0.005952381,0,0,0,0,0,0,0,0,0,0,0,0,0,0.003066378,0.011904762,0,0,0,0,0,0.001190476,0.004761905,0,0,0,0,0.00297619,0,0.001984127,0,0,0,0,0.005952381,0,0,0,0.003082483,0,0,0,0,0,0.008928571,0,0,0,0.003720238,0,0,0,0,0.007936508,0,0,0.00297619,0,0.907789631,0,0,0,0,0,0,0,0,0.005952381,0,0,0.011904762,0,0,0,0,0,0,0,0,0,0,0,0,0.00297619,0,0,0,0,0,0,0,0,0,0,0,0,0
42:00:00,0,0,0,0,0,0,0,0,0,0,0,0.009259259,0,0,0,0,0,0.001388889,0,0,0,0,0,0,4.63E-04,0.005555556,0.00462963,0,0,0,0,0,0,0.009259259,0,0,0,0,0,0,0,0.008134921,0,0,0,0,0,0.002314815,0.003703704,0,0,0,0,0,0,0,0.002314815,0,0,0,0,0.002314815,0,0,0,0,0,0,0,0,0,0,0,0,0,0,0,0,0,0,0,0,0,0,0,0.022222222,0,0,0,0,0,0,0,0.928439153,0,0,0,0,0,0
43:00:00,1.10E-05,0.01029253,6.89E-04,3.66E-05,2.88E-04,0,0,9.52E-05,1.57E-04,0,1.92E-04,3.84E-05,0,9.97E-04,0,0,0,0.002624517,0,0.002923611,0,0.001799669,0,1.28E-04,8.58E-05,0.002077976,6.07E-05,2.88E-05,0,4.76E-04,1.83E-05,0.001236814,0,0,3.84E-04,0,0,0,0,0.00247325,0,0.556806062,3.45E-04,0,0,0,0,6.11E-04,0,0,2.88E-05,0.031330975,2.31E-04,0,2.89E-04,0,0.001618925,0,1.83E-05,1.40E-04,0,4.34E-04,1.77E-04,0,0,0.002011547,4.43E-04,3.47E-04,0,3.22E-04,0,1.83E-05,0,4.71E-05,0,0,8.24E-05,0,8.61E-06,0,4.27E-05,3.34E-04,6.85E-05,3.09E-04,0,0,0,7.69E-04,0,0,0.374736094,4.93E-06,6.40E-05,0,0.001125222,1.21E-04,0,0,0,0
44:00:00,0,0,0.008333333,0,0,0,0,0,0,0,0,0,0,0,0.008573718,0,0,0.019230769,0,0,0,0,0,0,0,0,0,0.019230769,0.012820513,0,0,0,0,0,0,0,0,0,0,0,0.869310897,0.019230769,0,0,0,0,0,0,0,0,0,0,0,0,0,0,0.011217949,0,0,0.006410256,0,0,0,0,0,0,0,0,0,0,0,0,0,0,0,0,0,0,0,0,0,0,0.019230769,0,0,0,0,0,0,0,0,0,0,0,0,0,0,0,0,0.006410256
45:00:00,0,0,0,0,0,0,0,0.003333333,0,0,0,0,0,0,0,0,0,0.003333333,0,0,0,0,0,0,0.0025,0.0025,0,0,0,0,0,0,0,0,0.0025,0,0,0,0,0,0,0.012333333,0,0,0,0,0,0,0,0,0,0,0,0,0,0,0.00625,0,0,0,0,0,0.0025,0,0,0,0,0,0,0,0,0,0,0.96225,0,0,0,0,0,0,0,0,0,0,0,0,0,0,0,0,0,0,0,0.0025,0,0,0,0,0,0
46:00:00,0,0.013370853,4.29E-05,0,0,0,0,4.81E-04,0,0,0,0,0,1.49E-04,0,0,0,3.82E-04,0,0.001003172,0,0.001744386,0,0,3.53E-05,1.56E-04,0,0,0,0,0,7.81E-04,0,0,0,0,0,0,0,0.001761681,0,0.01523949,0,0,0,0,0,3.49E-04,0,0,0,0.932002838,0,0,0,0,2.06E-04,0,0,0,0,0,0.002490465,0,0,0.00172117,6.83E-04,0,0,0,0,0,0,0,0,0,0,0,0,0,0,1.56E-04,0,6.81E-04,0,0,0,0,0,0,0.021625462,1.80E-04,0,0,0.004757564,0,0,0,0,0
47:00:00,0,0,0.006540698,0.011627907,0,0,0,0,0,0,0,0,0,0,0,0,0,0.004118217,0,0,0,0,0,0,0,0.012596899,0,0.002583979,0,0,0,0,0,0,0,0,0,0,0,0,0,0.012839147,0,0,0.002583979,0,0,9.69E-04,0,0,0.011627907,0,0.007751938,0,0,0,0.011627907,0,0,0,0.023255814,0,0,0,0,0,0,0,0,0,0,0,0,0,0,0,0,0,0,7.27E-04,0,0,0,0,0,0,0,0,0,0,0,0,0,0,9.69E-04,0,0,0.890180879,0,0
48:00:00,0,0,0,0,0,0,0,0,3.96E-04,0,0,0,0,0.003164557,0,0,0,3.96E-04,0.003164557,0.002109705,0,0.004113924,0,0,3.96E-04,0.001186709,0,0,0,0.011075949,0,0.004113924,0,0,0,0.006329114,0,0,0,0,0,0.00708258,0,0,0,0,0,0,0,0,0,0.01471519,0,0,0,0,0,0,0,0,0,0,0,0,0,0,0,0,0,0,0,0,0,0,0,0,0.00342827,0.003164557,0.003164557,0,0.002109705,0,0,0.917548222,0,0,7.91E-04,0.004746835,0,0,0.001582278,0,0,0,0.005221519,0,0,0,0,0
49:00:00,0,0,0.027272727,0,0,0,0,0,0.004047323,0,0,0,0,0.001369863,0,0,0,0.003824942,0,0,0,0,0,0,0,6.23E-04,0,0.029843444,0.002862941,0,0.003424658,0,0,0,0,0,0,0,0,0,0.006849315,0,0,0,0.004109589,0,0,0,0,0,0.007429151,0,0,0,0,0,0,0,0.007429151,0,0.002283105,0,0,0.003424658,0,0,0,8.34E-04,0.844768626,0,0.006849315,0,0,0,0,0,0,0,0.010273973,0.014901131,0,0,0.003424658,0,0,0,0.00456621,0,0,0,0,0,0,0,0,0.009589041,0,0,0,0
50:00:00,0,0.002470791,0,0,2.55E-04,0,0,0,2.39E-04,0,0,0,0,8.33E-05,0,0,0,8.37E-05,0,1.27E-04,0,5.10E-04,0,0,0,0,1.27E-04,0,0,0,0,3.82E-04,0,0,0,0,0,0,0,4.26E-04,0,0.023910798,0,0,0,0,0,0,0,0,0,0.00962313,0,0,1.27E-04,0,1.70E-04,0,0,2.55E-04,0,0,4.25E-05,0,2.04E-04,7.06E-05,0,0,0,0,0,0,0,0,0,0,0,0,0,0,2.55E-04,1.70E-04,0,0,0,0,0,0,0,0,0.960259699,2.04E-04,0,0,4.25E-06,0,0,0,0,0
51:00:00,0,0.014664149,0.00119564,0,0,0,0,0.001481481,1.54E-04,0,0.00308642,0,0,0.00787037,0,0,0,0.015817122,0.007407407,0,0,0.00462963,0,0,0.001183128,0.006734007,0,0.001851852,0,0,0,0.004115226,0,0,0,0,0,0,0,0,0,0.437101394,0,0,0.001234568,0,0,0.00617284,0,0,0,0.012476852,0,0,0,0,0.006584362,0,1.54E-04,4.94E-04,0,0,0.014711934,0,0,0,0,0,1.54E-04,0,0,0,0,0,0,0,0,0,1.54E-04,1.54E-04,0,0,0,0.00617284,0,0,0.002469136,0,0,0,0.028086957,0,0.00154321,0,0.412144043,0,0,0,0,0
52:00:00,0.005952381,0,0.002673797,0,0,0,0,0.002232143,0,0,0,0,0,0,0,0,0,0.010416667,0,0,0,0,0,0,0.003151261,0,0.004464286,0.002232143,0.008928571,0,0,0,0,0.008928571,0,0,0,0,0,0,0,0.002232143,0,0,0,0,0,0.008928571,0,0,0.002232143,0,0,0,0.008928571,0,0,0,0.008928571,0,0.004464286,0,0,0,0,0,0,0.00297619,0,0.881215517,0,0,0,0,0,0,0,0,0.00487013,0.010867074,0,0.008928571,0.004464286,0,0,0,0,0,0,0,0,0,0,0,0.001984127,0,0,0,0,0
53:00:00,0,0.005197351,0.027444034,0.004602595,8.11E-04,0,0.001216545,0.014051371,0.017503472,0,0,0.006373874,0,0,0.002027575,0,0,0.490424198,0.002230333,0.003257069,7.65E-06,0.003487429,0,0.001216545,0.010298344,0.078193935,0.001148258,0.006978856,0.001601784,0,0.003012397,0.001824818,0.001419303,0.00243309,0,4.97E-05,0,8.11E-04,0,0.001723439,0.0039001,0.13503117,1.01E-04,0,0.003446878,0,0,0.013120544,0.001216545,0,0.002699571,0.008593425,0,4.06E-04,0.001645014,0.003446878,0.024500382,0,0.005443338,0.014399424,0.004209218,0.004316544,0.002456044,0,0.001824818,0.001611837,0.001635577,0.001607371,4.17E-04,0.001216545,0,0.002456044,0,0.001795852,0.001216545,0.001216545,0.004855341,0.001216545,0.003470615,0.003537941,0.001216545,0.00268169,0.009557926,2.03E-04,0,0.001216545,0.008323267,0,0,8.11E-04,0.014682801,0,0.001757232,0.002007299,0.008712754,0.001054339,0,0.001216545,0,2.03E-04
54:00:00,0.02173913,0,0,0,0,0,0,0,0,0,0,0,0,0,0,0,0,0.010869565,0,0,0,0,0,0,0,0,0,0.007246377,0,0,0,0,0,0,0.858695652,0,0,0,0,0,0,0.012681159,0,0,0,0,0,0.027173913,0,0,0,0,0,0,0,0,0.018115942,0,0,0.02173913,0,0,0,0,0,0,0,0,0,0,0,0,0,0,0,0,0,0,0,0,0,0.02173913,0,0,0,0,0,0,0,0,0,0,0,0,0,0,0,0,0,0
55:00:00,0,0,0,0,0,0,0,0,0,0,0,0,0,0,0,0,0,0,0,0,0,0,0,0,0,0,0,0,0,0,0,0,0,1,0,0,0,0,0,0,0,0,0,0,0,0,0,0,0,0,0,0,0,0,0,0,0,0,0,0,0,0,0,0,0,0,0,0,0,0,0,0,0,0,0,0,0,0,0,0,0,0,0,0,0,0,0,0,0,0,0,0,0,0,0,0,0,0,0,0
56:00:00,0.958333333,0,0,0,0,0,0,0,0,0,0,0,0,0,0,0,0,0,0,0,0,0,0,0,0,0,0,0,0,0,0,0,0,0,0,0,0,0,0,0,0,0.006944444,0,0,0,0,0,0,0,0.020833333,0,0,0,0,0,0,0,0,0,0,0,0,0,0,0.013888889,0,0,0,0,0,0,0,0,0,0,0,0,0,0,0,0,0,0,0,0,0,0,0,0,0,0,0,0,0,0,0,0,0,0,0
57:00:00,0,0,0.009259259,0,0,0,0,0,0,0,0,0,0,0,0,0,0,0,0,0,0,0,0,0,0,0,0,0,0,0,0,0,0,0.047619048,0.055555556,0,0,0,0,0,0,0,0,0,0,0,0,0,0,0,0,0,0,0,0,0,0,0,0,0,0,0,0,0,0,0,0,0,0,0,0,0,0,0,0,0,0.009259259,0.047619048,0,0,0,0,0,0,0.830687831,0,0,0,0,0,0,0,0,0,0,0,0,0,0,0
58:00:00,0,0.003355705,0.013068121,0.003355705,0.001677852,0,0,0.00857569,0.775238548,0,0,0,0,0,0,0,0,0.014762542,0,0.002936242,0,0,0,0.003355705,0.008796014,0.012461587,0.001677852,0.008827368,0.002237136,0.003355705,9.59E-04,0.003624161,0,0,0,0,0,0,0,0,0.003965833,0.017831033,0,0,0.006711409,0,0,9.59E-04,0,0,0.006711409,0,0,4.07E-04,0.003355705,0,0.007941834,0.002237136,0.003355705,0,0,0,0,0,0,0,0,0.003355705,0.007193459,0.003355705,0,0,0,0.006711409,0.003355705,0,0,0,0.006711409,0.001901566,0,0.001342282,0.027786736,0,0,0,0.010486577,0,0,0,0.00335062,0,0,0,0.001030681,0,0,0.001677852,0,0
59:00:00,0,0,0.001943635,0,0,0,0,0,0,0,0,0.954147893,0,0,0,0,0,0,0,0,0,0,0,0,0,0.00255102,0,0.005102041,0,0,0,0,0,0.005102041,0,0,0,0,0,0,0,0.008194187,0,0,0,0,0,0.00255102,0.010204082,0,0,0,0,0,0,0,0.00255102,0,0.005102041,0,0,0,0,0,0,0,0,0,0,0,0,0,0,0.00255102,0,0,0,0,0,0,0,0,0,0,0,0,0,0,0,0,0,0,0,0,0,0,0,0,0,0
60:00:00,0,0,0,0,0.004830918,0,0,0,0,0,0,0,0,0,0,0,0,0,0,0,0,0,0,0,0,0,0,0,0,0,0,0,0,0,0,0,0,0,0,0,0,0.004830918,0,0,0,0,0,0,0,0,0,0,0,0,0,0,0,0.004830918,0,0,0,0,0,0,0,0,0,0,0,0,0,0,0,0,0,0,0,0,0.014492754,0,0,0.971014493,0,0,0,0,0,0,0,0,0,0,0,0,0,0,0,0,0,0
61:00:00,8.69E-04,0.001273202,0.828381929,0.012313691,0,0,0,0.001411509,0.001174353,0,0.001628664,0,0,8.14E-04,0.001628664,0,0,0.009347845,7.45E-04,3.54E-04,0.001628664,0,0,0,0.007934303,0.030971275,0.001574376,0.003640544,0.001628664,0,0.00334264,0,0,0.00184582,0,0,0,0.001628664,0,0,0.002233597,0.013264621,0,0,0.001085776,0,0,0.003944987,5.43E-04,0,0.004374128,0.00332519,0,0,0.00228013,0.003257329,0.005835725,0.001628664,0.002714441,0.004440962,0.001737242,0,0,0.001628664,0.001628664,0.001085776,0.001628664,0.007709012,0.005423711,0.001140065,0,0.001425081,0,0,0,0,0,0,0.001221498,0.001615092,0,0,0.005099611,0,0,0,0,0,0,0,7.50E-04,0,4.07E-04,0,3.62E-04,0.001900109,0,0,0,0.002171553
62:00:00,0,0,0.011363636,0,0,0.931034483,0.004702194,0,0,0,0,0,0,0,0,0.006269592,0,0,0,0.011363636,0,0,0,0,0,0,0,0,0,0,0,0,0,0,0,0,0,0,0,0,0,0.001567398,0,0.003134796,0,0,0.001567398,0,0,0.001567398,0,0,0,0,0,0,0,0,0,0,0,0,0,0,0,0,0,0,0,0,0.001567398,0,0.022727273,0,0,0,0,0,0,0,0,0,0,0,0,0,0,0,0,0.003134796,0,0,0,0,0,0,0,0,0,0
63:00:00,0,0.00740335,8.76E-04,0,0,0,0,8.69E-04,0,0,0,0,0,0.002300613,1.28E-04,0,0,0.001601909,0,0.009774692,0,0.507564468,0,0,0,0.003393101,0,0.003286591,0,0.016359918,2.56E-04,0.010831526,0,0,0.00204499,0,0,0,0,0.04948988,2.19E-04,0.151332826,0,0,0,0,0,3.41E-04,0,0,0,0.098514435,0,0,0,3.23E-04,0.001606778,0,0,0.003408316,0.002351738,0.001022495,0.005112474,0,0,0.005521472,0.004601227,1.28E-04,0,2.56E-04,0,0,0,0,0,0,0,0,0,4.75E-04,0.006646217,6.82E-04,3.07E-04,0.030387762,0,0,0,0,0,0,0.065762963,0,0,0,0.004821871,0,0,0,0,0
64:00:00,0.005334138,0.062927273,0.007641343,0,0,0,0.001851852,0.003571429,0.001494269,0,4.14E-06,0,0,0.008576571,0,0,0,0.04904096,0.026026707,0.009999797,0,0,0,0,0.001931466,0.005600825,0,0.001946014,2.28E-05,0,0.001509662,0.023248321,1.20E-04,0,0.008854856,3.68E-04,0,0,0,0.002065618,0,0.013339344,0,0,0,0,0,0.010567923,0,0,0,0.092601231,0,0,5.96E-04,0,0.007652888,5.56E-04,0,0.001942927,6.94E-04,0.004074074,0.05576957,0,6.17E-05,0.005777778,0.00452381,0,6.74E-04,0,0,4.55E-05,0,6.94E-04,0,0,0.011433216,0,0,9.96E-04,0.006854179,0.002344009,0.002407407,0.006089532,0,0,0.002199074,0,0,0,0.068529208,0,3.36E-04,0,0.477058788,0,0,0,0,4.55E-05
65:00:00,0,0,0,0,0,0,0,0,0,0,0,0,0,0,0,0,0,0,0,0,0,0,0,0,0,0,0,0,0,0,0,0,0,0,0,0,0,0,0,0,0,0,0,0,0,0,0,0,0,0,0,0,0,0,0,0,0,0,0,0,0,0,0,0,0,0,0,0,0,0,0,0,0,0,0,0,0,0,0,0,0,0,0,0,0,0,0,0,0,0,0,1,0,0,0,0,0,0,0,0
66:00:00,0,0.469838285,0.001770067,0,0,0,0,2.63E-04,6.31E-04,0,2.43E-04,0,0,0.005623154,0,0,0,0.002978694,3.51E-04,0.008173101,0,0.001191728,0,0,0,0.003763341,0,3.94E-04,0.001577287,0,0,0,0,0,0,0,0,0,0,0.001182965,0,0.036896934,0,0,7.89E-04,0,0,0.008797757,0,0,0,0.218848957,0,0,0,6.31E-04,0.002179218,0,0,0,7.89E-04,0.001051525,6.52E-04,0,0,0.004108457,0.001577287,0,0,0.001577287,0,0,0,0.001314406,0,0,0,0,0,2.63E-04,0.003154574,0,0,0.001927795,0,0,0,0.001577287,0,0,0.212538226,5.26E-04,0,0,0.002120575,0,1.75E-04,5.26E-04,0,0
67:00:00,0,0.00955668,0.001497006,0,0,0,0,0,4.99E-04,0,0,0,0,0,0,0,0,0.001197605,0,0.018140703,0,0.025004608,0,0,0,0.001779774,0,0,0,0.001996008,0,0.001497006,0,0,0,0,0,0,0,0.422052641,0,0.452509399,0,0,0.001497006,0,0,0,0,0,0,0.019266076,0,0,0,0,0.002744511,0,0,0,0,0,0,0,0,0.001197605,0.001536926,0,2.50E-04,0,0,0,0,0,0,0,0,0,0,9.98E-04,0.00489022,0,0,0.006774686,0,0,0,0,0,0,0.024117029,0,0,9.98E-04,0,0,0,0,0,0
68:00:00,0,0,0,0.012345679,0,0,0,0,0,0,0,0,0,0,0,0,0,0,0,0,0,0,0,0,0,0,0,0,0,0,0.00308642,0,0,0.009259259,0,0,0,0,0,0,0,0.00308642,0,0,0,0,0,0,0,0,0.009259259,0,0,0,0,0.929012346,0,0,0.018518519,0,0,0,0,0,0,0,0,0,0,0,0,0,0,0,0,0,0,0,0.00308642,0.00308642,0,0,0,0,0,0,0,0,0,0,0,0,0,0,0,0,0,0,0,0.009259259
69:00:00,0,0.009740378,0.002430556,0.002252252,0,0,0,0.001801802,0.002252252,0.003378378,0,0,0,0.01010791,0,0,0,0.002707034,0,0.012713675,0,0.062681294,0,0,0,0.003087462,5.20E-04,0.003566066,0,0.006756757,0,0.010467198,0,0,0,1.41E-04,0,0,0,0.007091913,0,0.16037818,0.002252252,0,0,0,0,0.002252252,0,0,0,0.101533676,0,0,0,0,0.00243994,0,3.75E-04,0.005067568,0,0,0.002807065,0,2.60E-04,0.490762368,0.009089447,0,0,0,0,0,0,0,0,0,0,0,0,1.88E-04,0.036158961,0,0,0.003291753,0,0,0,0,0,0,0.036252135,0,0,0,0.00519602,0,0,0,0,0
70:00:00,0.003237705,0.003013752,0.019843384,0.002071435,0.001880572,6.00E-06,0.001469379,0.004248632,0.00942885,0,9.52E-04,0.002454384,0,0.001838522,7.81E-06,2.69E-05,0,0.03451054,0.002194168,0.003556727,0.001590339,1.50E-06,0,4.50E-06,0.008058004,0.022710423,0.005345089,0.003046344,6.33E-04,0,4.70E-04,6.22E-04,0.00255774,2.25E-06,8.66E-05,0.001099738,0,7.32E-04,9.76E-07,0.001797639,9.39E-04,0.236062301,6.43E-07,0,3.06E-04,0,4.95E-05,0.025018211,3.07E-04,0,7.63E-04,0.010345689,0.002007683,0.001428571,1.66E-04,0.00600998,0.454708827,0.001507296,3.09E-04,0.008714387,0.005220862,0.014405428,1.90E-04,0,0.001964817,0.001190476,0.001745547,0.003132304,0.001002773,0.002130219,0.001517857,7.46E-04,4.53E-05,0.01635237,0,5.34E-04,7.69E-04,7.22E-06,7.28E-04,0.002767758,2.36E-05,0.002367639,0.007383371,2.25E-06,4.50E-06,0.001789634,0.001822576,0,0,2.16E-05,0.025244475,8.93E-05,0.0014334,0.006657827,0.005465345,6.93E-04,4.50E-06,6.19E-04,0,0.003786761
71:00:00,0.006944444,0,0.00406746,0.003472222,0,0,0,0,0,0,0,0,0,0,0,0,0,0,0,0,0,0,0,0,0,0.006944444,0,0,0,0,0,0,0,0,0,0,0,0,0,0,0,0.008134921,0,0,0,0,0,0.005208333,0,0,0,0,0.004166667,0,0,0,0.005208333,0,0.010416667,0,0.003472222,0,0,0,0,0,0,0.929811508,0.005208333,0,0,0,0,0,0,0,0,0,0,0.006944444,0,0,0,0,0,0,0,0,0,0,0,0,0,0,0,0,0,0,0,0
72:00:00,5.51E-04,0.011887656,0.005353288,0.001171822,4.12E-04,0,0,0.001419976,0.003230184,0,4.54E-04,0.001129437,0,0.002492519,1.34E-04,0,0,0.016972985,8.34E-04,0.009407836,2.06E-04,0.00745875,0,6.06E-04,0.001241636,0.008887446,0.001294873,0.001964858,6.18E-04,3.92E-04,3.73E-04,0.002616225,2.94E-04,5.99E-05,2.51E-04,4.68E-07,0,2.06E-04,0,0.012371835,5.35E-04,0.761153567,5.72E-04,0,9.31E-04,0,0,0.002531583,0,0,3.99E-04,0.026425809,4.12E-04,0,5.15E-05,2.45E-04,0.009823542,3.25E-04,2.68E-04,0.002581561,5.83E-04,4.89E-04,0.002930188,0,5.65E-04,0.006576581,0.001722882,8.19E-04,0.001613432,6.85E-04,4.12E-04,3.09E-04,0,0.002686942,2.06E-04,0,4.26E-04,2.06E-04,1.54E-04,0.00193671,0.002124942,7.15E-04,0.001216082,0.002300965,0,2.16E-04,3.09E-04,3.09E-04,0,0,0.064045585,4.63E-04,4.77E-04,5.15E-04,0.003161836,6.18E-04,0,1.24E-04,0,5.41E-04
73:00:00,0,0,0,0,0,0,0,0,0,0,0,0,0,0,0,0,0,0,0,0,0,0,0,0,0,0,0,0,0,0,0,0,0,0,0,0,0,0,0,0,0,0,0,0,0.004385965,0,0,0,0,0,0.995614035,0,0,0,0,0,0,0,0,0,0,0,0,0,0,0,0,0,0,0,0,0,0,0,0,0,0,0,0,0,0,0,0,0,0,0,0,0,0,0,0,0,0,0,0,0,0,0,0,0
74:00:00,0,0.001220539,0,0,0,0.089231621,0.102060875,0,0,0.05148402,0,0,0,0,0,0.486525746,0.044798648,9.92E-04,0,0,0,0,0,0,0,0.001833814,0,0.006944444,0.002662794,0,0,0,0,0,0,0,0.012430856,0.013888889,0,0,0,0.024062049,0,0.013407888,0,0,8.42E-04,0.016364627,0,0.005555556,0,3.31E-04,0,0,0,0,0,0,0,8.42E-04,0,0.001851852,0,0,0,0,0,0.013888889,0,0,0,0,0.008796296,0,0.07293536,0,0,0,0.002139918,0,0,0,0,0,0,0,0,0,0,0.007292423,0.017616643,0,0,0,0,0,0,0,0,0
75:00:00,0.003381878,0.044365608,0.024978132,0.006588746,0.002288021,8.21E-05,6.14E-04,0.0062704,0.012994136,0,0.002017177,0.003207717,0,0.005150875,0.001488482,3.93E-04,1.87E-07,0.035153474,0.004270477,0.010017083,9.77E-05,0.006310254,0,0.001745166,0.007892609,0.037050571,0.001878226,0.008150787,0.001563781,0.004103904,0.001760344,0.013921449,0.001432669,5.37E-04,0.00312859,1.59E-04,0,0.001072983,1.44E-04,0.006494069,0.004307257,0.474023287,0.00296754,0,0.001361312,2.30E-04,1.87E-07,0.017884099,0.002042564,9.58E-04,0.005050847,0.013080548,0.004085362,7.55E-04,0.002612367,0.003046322,0.021530391,3.51E-04,0.005420071,0.020518068,0.002109576,0.007531311,0.002889952,0,0.002179083,0.005732114,0.007720241,0.006574971,0.005749012,0.003942592,0.001149799,0.001500769,1.12E-06,0.008038275,0.001149799,6.27E-04,0.001987902,6.81E-04,0.004464483,0.006173917,0.009314456,0.005694798,0.010674479,0.008835071,2.88E-04,0.004621504,0.003574882,0.001438091,0,3.74E-07,0.022750746,0.001747743,0.002034696,0.003015002,0.005370179,0.00293849,0,0.002521956,0,0.004048243
76:00:00,0,9.85E-04,0,0,0,0,0,0,0,0,0,0,0,0.993390623,0,0,0,0,0,0,0,0,0,0,0,0,0,0,0,0,0,0,0,0,0,0,0,0,0,0,0,0.002483444,0,0,0,0,0,0,0,0,0,0,0,0,0,0,0,0,0,0,0,0,0.001655629,0,0,0,0,0,0,0,0,0,0,0,0,0,0,0,0,0,0,0,0,0,0,0,0,0,0,0,0.00148481,0,0,0,0,0,0,0,0,0
77:00:00,0,1.55E-04,0.004097654,0.001449275,0,0,0,0.005167811,0.002173913,0,0,0,0.001337793,0,0,0,0,0.008377465,0,0.001242236,0,0,0,0,0,0.012933057,0.004448691,0.005072464,0,0,0,0,0,0,0,0,0,0.001242236,0,0,0,0.049558295,0,0,0.002173913,0,0,0.337932797,0,0,0,0.00832734,0.004347826,0.002898551,0,0,0.482718573,0,0,0.006521739,0.002173913,0.011395006,0,0,0,0,0,0,0.001449275,0.003478261,0,0,0.001242236,0.007915804,0,0.002173913,0,0,0,7.25E-04,0,0.001086957,0.003140097,0,0,0.006086957,0,0,0,0,0.012909357,0,0,0.002286844,0,0,0,0,0,0.001759834
78:00:00,0.010416667,0,0,0,0,0,0,0,0,0,0,0,0,0,0,0,0,0.010416667,0,0,0,0,0,0.0078125,0,0,0,0,0.0078125,0,0,0,0,0,0,0,0,0,0,0,0,0,0,0,0,0,0,0,0,0,0,0,0,0,0,0,0.010416667,0,0.015625,0,0,0,0,0,0,0,0,0,0,0,0,0,0,0,0,0,0,0,0,0,0,0,0,0,0,0,0,0,0,0,0,0,0,0,0,0.9375,0,0,0,0
79:00:00,0,0.011515373,0.003946007,0.002604167,0.003301123,0,0,0.007817496,0.001182557,0,1.95E-05,1.86E-05,0,7.32E-04,0,0,0,0.018056214,0.00174674,0.497259431,0.002612118,0.002994792,0,3.52E-04,4.48E-06,0.007302768,0,0.001519097,0,0.002604167,1.18E-04,0.004825977,0,2.39E-05,1.99E-06,0,0,0,0,0.014448056,0,0.204732957,0.00789624,0,0,1.46E-05,0,0.007488803,0,0,0.002083333,0.02890518,1.58E-05,0,0.002634152,7.95E-06,0.006402587,0.00436681,0.002641908,0.006637842,9.82E-05,2.48E-04,0.002170139,7.95E-06,0.002614796,0.031508763,0.038889533,0.001736111,0.00297619,1.99E-06,0,0.003828152,0,0.001302083,0,0,0,0,1.06E-05,5.21E-04,0.005580101,4.55E-04,3.85E-06,6.63E-06,0.001796344,0,9.01E-05,0,0,0,0.040028335,7.95E-06,1.06E-05,0,0.003255512,1.02E-04,0.001312023,0.002604167,0,0
80:00:00,0,0.010663631,0.001273947,4.27E-04,0,0,0,2.00E-04,2.04E-04,0,6.40E-04,0,0,0.001729048,4.44E-05,0,0,0.002550999,0,0.002561443,0,0.002235204,0,0,1.05E-05,9.98E-04,0,4.28E-04,0,3.60E-04,0,5.25E-04,0,0,0,0,0,0,0,0.002373343,0,0.298377881,8.89E-05,0,0,0,0,7.31E-04,0,0,6.40E-04,0.027963824,0,0,2.00E-04,1.59E-04,0.001652857,0,5.60E-04,0.001028571,0,0,4.36E-04,0,0,0.001074762,6.82E-04,3.00E-04,3.33E-05,0,0,0,0,2.02E-04,0,0,4.00E-04,0,1.33E-04,3.54E-04,1.54E-04,0,0.001232121,4.50E-04,0,0,1.33E-04,4.00E-04,0,0,0.633897717,3.20E-04,0,0,3.60E-04,4.00E-04,0,0,0,4.11E-04
81:00:00,0,0,0.005208333,0,0,0,0,0,0,0,0,0,0,0,0.00297619,0,0,0,0,0,0,0,0,0,0,0.005654762,0,0.005208333,0,0,0,0,0,0,0,0,0,0,0,0,0,0.004166667,0,0,0.00297619,0,0,0,0,0,0,0,0,0.003472222,0,0,0,0,0,0,0,0,0,0,0,0,0,0,0.003472222,0,0,0,0,0,0,0,0,0,0.003472222,0,0,0,0,0,0,0,0,0,0,0,0,0,0,0,0,0,0,0.00297619,0,0.960416667
82:00:00,0.004830918,0,0.005797101,0,0,0,0,0,0,0,0,0,0,0,0,0,0,0,0,0,0,0,0,0,0,0.003623188,0,0.003623188,0,0,0,0,0,0,0,0,0,0,0,0,0,0,0,0,0,0,0,0,0,0,0.007246377,0,0,0,0,0.001035197,0.003623188,0,0,0,0.004830918,0,0,0,0,0,0,0,0,0,0,0,0,0,0,0,0,0,0.965389924,0,0,0,0,0,0,0,0,0,0,0,0,0,0,0,0,0,0,0,0,0
83:00:00,0,0,0.001388889,0,0,0,0,0,0,0,0,0,0,0,0,0,0,0.009591503,0,0,0,0,0,0,0,0.003431373,0,0.005555556,0,0,0.005555556,0,0,0,0,0,0,0,0,0,0,0.011977124,0,0,0,0,0,0.002777778,0,0,0,0,0.941481481,0,0,0.007407407,0.009444444,0,0,0.001388889,0,0,0,0,0,0,0,0,0,0,0,0,0,0,0,0,0,0,0,0,0,0,0,0,0,0,0,0,0,0,0,0,0,0,0,0,0,0,0,0
84:00:00,0,0,0,0,0,0,0,0,0,0,0,0,0,0,0.010869565,0,0,0,0,0,0,0,0,0,0,0,0,0,0,0,0,0,0,0,0,0,0,0,0,0,0.011956522,0.007246377,0,0,0,0,0,0,0,0,0,0,0,0,0,0,0,0,0.96557971,0,0,0,0,0,0,0,0,0,0,0.004347826,0,0,0,0,0,0,0,0,0,0,0,0,0,0,0,0,0,0,0,0,0,0,0,0,0,0,0,0,0,0
85:00:00,0.0125,0.003125,0.056404031,0.00625,0,0,0,0,0.00625,0,0,0,0,0.015625,0,0,0,0.021245721,0.007142857,0.01875,0,0,0,0,0.002083333,0.03828125,0.474204209,0.00234375,0.00625,0,0,0,0,0,0,0,0,0,0,0,0,0.108071895,0,0,0,0,0,0.008333333,0.0125,0,0.0125,0.008333333,0,0,0,0,0.051388889,0,0,0.025986842,0,0.019791667,0,0,0.015625,0,0,0.0125,0,0.002777778,0,0.003125,0,0,0,0,0,0,0,0,0,0.016666667,0.008333333,0,0,0,0,0,0,0,0.008333333,0,0.002777778,0.0125,0,0,0,0,0,0
86:00:00,0,0.026559398,0.001306849,4.30E-05,0,0,0,5.08E-04,0,0,7.22E-05,5.16E-05,0,0.004064923,0,0,0,0.002745721,9.03E-04,0.005489657,6.02E-04,0.003632726,0,1.81E-04,3.44E-04,0.002815258,6.61E-04,0.001219128,9.46E-05,0.00407199,0,0.006522886,9.03E-04,0,4.51E-04,1.50E-04,0,0,0,0.002727649,0,0.049773286,0,0,4.51E-04,0,0,0.001368833,0,0,4.01E-05,0.519106431,5.16E-05,0,0,4.51E-04,0.003150174,0,0,0.001820096,1.88E-04,1.63E-04,0.002221252,0,0,0.002282127,0.002617329,0,9.03E-05,0,0,0,0,0.001012328,0,0,0.001332302,0,4.07E-05,3.01E-05,0.008291392,8.27E-04,3.06E-04,0.005623846,0,0,0,0.001504212,0,0,0.32468907,0,0,0,0.006353736,0,0,4.30E-05,0,5.16E-05
87:00:00,0.002173913,0.002173913,0.033993032,0.020942029,0,0,0,0.00173913,0.032363752,0,0,0.002898551,0,0,0.009363354,0,0,0.020973085,8.70E-04,3.62E-04,0,0,0,0.002173913,0.041602205,0.083502697,0,0.03812437,0.00440078,0,0.012753623,0,0,0.002173913,0,0,0,7.25E-04,0,0,6.21E-04,0.021470539,0,0,0.001055901,0,0,0.006811594,0,0,0.027950311,0.002484472,0,2.90E-04,0.002173913,0.004190821,0.016956522,0.001086957,0.014637681,0.007072464,0.004347826,0,0,0,0,0,0,0.011284585,0.037488321,0.005923913,0,0,0,0.002173913,0,0,0.002173913,0,0.033302277,0.384008163,0,0,0.071678026,0,0.002173913,0,0.006876664,0,0,0,0.004244306,0,0.001086957,0.007246377,0,0.001242236,0,0.00173913,0,0.002898551
88:00:00,0,0,0,0,0,0,0,0,0,0,0,0,0,0,0.973684211,0,0,0,0,0,0,0,0,0,0,0,0,0,0,0,0,0,0,0,0,0,0,0,0,0,0,0,0,0,0,0,0,0,0,0,0,0,0,0,0,0,0,0,0,0,0,0,0,0,0,0,0,0,0,0,0,0,0,0,0,0,0,0,0.026315789,0,0,0,0,0,0,0,0,0,0,0,0,0,0,0,0,0,0,0,0,0
89:00:00,0.005050505,0,0.003030303,8.20E-04,0,0,0,0,0.004018445,0,0,0.007575758,0,0,1.46E-04,0,0,0.004377104,0,0,0,0,0,0,0,0.009785142,0,0.887035095,0,0,0.005050505,0,0,0,0,0,0,0,0,0,0.002525253,0.012619704,0,0,0,0,0,0,0,0,0.003385302,0,0,0,0,1.46E-04,5.05E-04,0,0.005196897,0.001515152,0.005050505,0,0,0,0,0,0,6.73E-04,0.002493402,0.003513395,0,0,0,0,0,0,0,0,0.013143512,0.008267457,0,0,0.009530083,0,0,0,0.002020202,0,0,0,0.002525253,0,0,0,0,0,0,0,0,0
90:00:00,0,0.024833398,6.04E-04,0,0,0,0,0,0,0,0,0.001811594,0,0.001585145,0,0,0,0,0,0.042100811,0,0.123246636,0,0,6.04E-04,0.003849638,0,0,0,0.001811594,0,0.001811594,0,0,0,0.002717391,0,0,0,0.516735248,0,0.019255366,0,0,0,0,0,0.005434783,0,0,0,0.152537685,0,0,0,0,0.001811594,0,0,0.004528986,0.002717391,0,9.06E-04,0,0,0.013586957,0.005574136,0,0,0,0,0,0,0.002717391,0,0,0.001086957,0,0,0.002415459,0.012681159,0.001358696,0.002038043,0.004257246,0,0,0,0,0,0,0.044475778,0,0,0,9.06E-04,0,0,0,0,0
91:00:00,0,0,0,0,0.91104336,0,0,0.00304878,0,0,0,0,0,0,0,0,0,0,0,0.00595898,0,0,0,0,0,0.00304878,0,0,0,0,0,0,0,0,0,0,0,0,0.00152439,0,0,0.016940749,0,0,0,0,0,0.012195122,0,0,0,0,0,0,0,0,0,0,0,0,0,0,0,0,0,0,0.012195122,0,0,0,0,0.025914634,0,0,0,0,0,0,0,0,0,0,0,0,0,0,0,0,0,0,0.008130081,0,0,0,0,0,0,0,0,0
92:00:00,0,0,0,0,0,0,0,0,0,0,0,0,0,0,0,0,0,0,0,0,0,0,0,0,0,0,0,0,0,0,0,0,0,0,0,0,0,0,0,0,0,0,0,0,0,0,0,0,0,0,0,0,0,0,0,0,0,0,0,0.025641026,0,0,0,0,0,0,0,0,0,0,0,0.974358974,0,0,0,0,0,0,0,0,0,0,0,0,0,0,0,0,0,0,0,0,0,0,0,0,0,0,0,0
93:00:00,0,0,0,0,0,0,0,0.009615385,0,0,0,0,0,0,0,0,0,0,0,0,0,0,0,0,0,0,0,0,0,0,0,0,0.961538462,0,0,0,0,0,0,0,0,0,0,0,0,0,0,0,0,0,0,0,0,0,0,0,0,0,0,0,0,0,0,0,0,0,0,0,0,0,0,0,0,0,0,0,0,0.019230769,0,0,0,0,0,0,0,0,0,0,0,0,0,0,0,0,0.009615385,0,0,0,0,0
94:00:00,0,0,0,0,0,0,0,0,0,0.961538462,0,0,0,0,0,0,0,0,0,0,0,0,0,0,0,0,0,0,0,0,0,0,0,0,0,0,0,0.038461538,0,0,0,0,0,0,0,0,0,0,0,0,0,0,0,0,0,0,0,0,0,0,0,0,0,0,0,0,0,0,0,0,0,0,0,0,0,0,0,0,0,0,0,0,0,0,0,0,0,0,0,0,0,0,0,0,0,0,0,0,0,0
95:00:00,0,0,0,0,0,0,0,0,0,0,0,0,0,0,0,0,0,0.009615385,0,0,0,0,0,0,0,0.006993007,0,0,0,0,0.971153846,0,0,0,0,0,0,0,0,0,0,0,0,0,0,0,0,0,0,0,0,0,0,0,0,0,0,0,0,0,0,0,0,0,0,0,0,0,0,0,0,0,0,0,0,0,0,0,0,0,0,0,0.012237762,0,0,0,0,0,0,0,0,0,0,0,0,0,0,0,0,0
96:00:00,0,0,0.006382979,0,0,0,0,0,0,0,0,0,0,0,0,0,0,0.004255319,0,0,0,0,0,0,0,0,0,0,0.005319149,0,0,0,0,0,0,0,0,0,0,0,0,0.008865248,0,0,0.003546099,0,0,0,0,0,0,0,0,0,0,0.005319149,0.003546099,0,0,0,0.95212766,0,0,0,0,0,0,0,0,0,0,0,0,0,0,0,0,0,0,0,0,0,0,0,0,0,0,0,0,0,0,0,0,0,0,0,0,0,0,0.010638298
97:00:00,0,0,0.03255144,0,0,0,0,0,0.005776014,0,0,0,0,0,0,0,0,0.008580247,9.26E-04,0,0,0,0,0,0.004178538,0.01952513,0,0.009876543,0.002469136,0,0,0.003703704,0,0,0,0.003703704,0,0,0,0,0,0.013234297,0,0,0.002469136,0,0,4.94E-04,0,0,0.002469136,0,0.002469136,0,0,0,0.002057613,0,0.003703704,0.003703704,0.00617284,0,0,0,0,0,0,0.003703704,0.003703704,0.001481481,0,0.002469136,0,0,0,0,0,0,0.00617284,0.001469724,0,0,0.844470031,0,0,0,0,0,0,0,0,0,0,0,0,0.001058201,0,0.003703704,0,0.003703704
98:00:00,0.001881776,0.004638637,0.071480495,0.005332114,3.28E-04,0,0,0.013828921,0.018289316,0,7.65E-04,0.003544621,0,0.00115589,2.53E-04,0.001323218,0,0.034611184,0.00443152,0.009089869,0.001796636,0.003440367,0,0,0.02234613,0.478388354,2.52E-04,0.01675831,0.002122403,0.001146789,0.004236748,0.002663099,0.001692879,9.56E-04,0.001529052,9.17E-04,0,0,0,7.65E-04,0.002035425,0.102289718,0,0,0.004156076,0,0,0.01110547,3.28E-04,0,0.007879396,0.00578458,0.002119822,0,0.003312946,3.48E-05,0.025078645,0.001605505,0.002006881,0.012476166,0.007845129,0.001149601,7.65E-04,0,0.002293578,0.00100063,0.003090869,0.007450393,0.009274868,0.002664009,0,0.002484709,7.65E-04,0.003891521,0.001146789,1.64E-04,0.002484709,0,0.00859109,0.005117845,0,0.001666071,0.020302122,0,0,0,0.006101439,0,0,0,0.008893259,1.64E-04,0,5.57E-04,0.0068956,0.001146789,0,0.002002102,0,0.001917633
99:00:00,0,0.029235444,0.005758808,0,0,0,0,0,0.00101626,0,0,0,0,0.009146341,0,0,0,0.004065041,0.025914634,0.007407407,0,0.015389082,0,0,0,4.23E-04,0,0.00101626,0,0.006775068,0,0.092594059,0,0,0,0,0,0,0,0.006775068,0,0.07918138,0,0,0.001185637,0,0,0.00290844,0,0,0,0.100080571,0,0,0,0.004065041,0.001935734,0,0,0,0,0,0.479595529,0,0,0.008333333,0.006775068,0,1.69E-04,0.002710027,0,0,0,0,0,0,0,0,0,0,0.042682927,0,0.00101626,0.006097561,0,0,0.002710027,0.00203252,0,0,0.032563848,0,0,0,0.018813791,0,0,0,0,0.001626016
